﻿idx,name,y_true,y_predict
0,GConf2,库,库
1,GeoIP,库,库
2,GeoIP-GeoLite-data,库,库
3,HdrHistogram_c,工具,工具
4,Judy,其它,库
5,LibRaw,库,库
6,ModemManager,工具,库
7,NetworkManager,服务,工具
8,NetworkManager-libreswan,库,库
9,OpenEXR,库,库
10,OpenIPMI,库,库
11,PackageKit,库,库
12,PyYAML,库,库
13,SDL,库,库
14,WALinuxAgent,服务,库
15,Xaw3d,工具,库
16,aajohan-comfortaa-fonts,其它,库
17,abattis-cantarell-fonts,其它,库
18,abrt,工具,库
19,abrt-java-connector,库,库
20,accel-config,工具,库
21,accountsservice,库,库
22,acl,工具,库
23,acpica-tools,工具,工具
24,acpid,服务,工具
25,adcli,工具,工具
26,adobe-mappings-cmap,工具,库
27,adobe-mappings-pdf,工具,库
28,adwaita-icon-theme,服务,库
29,adwaita-qt,库,库
30,alsa-firmware,服务,库
31,alsa-lib,库,库
32,alsa-plugins,工具,工具
33,alsa-sof-firmware,服务,库
34,alsa-tools,工具,库
35,alsa-utils,工具,库
36,amanda,工具,工具
37,anaconda,工具,库
38,anaconda-user-help,工具,库
39,anolis-logos,服务,库
40,anolis-release,服务,库
41,ansible-core,工具,工具
42,ansible-freeipa,工具,工具
43,ant,其它,库
44,aom,库,库
45,apache-commons-cli,其它,库
46,apache-commons-codec,其它,库
47,apache-commons-collections,其它,库
48,apache-commons-compress,其它,库
49,apache-commons-io,其它,库
50,apache-commons-jxpath,其它,库
51,apache-commons-lang3,其它,库
52,apache-commons-logging,其它,库
53,apache-commons-net,其它,库
54,appstream-data,库,库
55,apr,库,库
56,apr-util,工具,库
57,arpwatch,工具,工具
58,asciidoc,工具,库
59,aspell,工具,库
60,aspell-en,工具,库
61,at,工具,工具
62,at-spi2-atk,工具,工具
63,at-spi2-core,工具,工具
64,atk,库,库
65,atkmm,库,库
66,atlas,工具,库
67,attr,工具,工具
68,audit,工具,库
69,augeas,服务,库
70,authselect,工具,工具
71,autoconf,工具,工具
72,autoconf-archive,库,库
73,autofs,服务,库
74,autogen,工具,库
75,automake,工具,工具
76,autotrace,工具,库
77,avahi,服务,库
78,awscli,工具,库
79,babel,工具,库
80,babeltrace,工具,库
81,babl,库,库
82,bacula,工具,工具
83,baobab,工具,库
84,basesystem,服务,工具
85,bash,工具,工具
86,bash-completion,工具,库
87,bc,工具,工具
88,bcc,工具,库
89,bind,服务,库
90,bind9.16,服务,工具
91,binutils,工具,库
92,biosdevname,工具,库
93,bison,库,工具
94,bitmap-fonts,其它,库
95,blktrace,工具,库
96,bluez,工具,库
97,blur-effect,库,库
98,bogofilter,工具,库
99,bolt,服务,库
100,boom-boot,工具,工具
101,boost,库,库
102,booth,工具,库
103,bpftrace,工具,库
104,brasero,工具,库
105,breeze-icon-theme,其它,库
106,brltty,工具,库
107,brotli,库,库
108,bubblewrap,库,工具
109,byteman,工具,工具
110,byzanz,工具,库
111,bzip2,工具,库
112,c-ares,库,库
113,c2esp,库,库
114,ca-certificates,工具,库
115,cachefilesd,服务,工具
116,cairo,库,库
117,cairomm,库,库
118,cdparanoia,库,库
119,cdrdao,工具,库
120,cdrkit,库,库
121,celt051,库,库
122,ceph,服务,库
123,certmonger,工具,库
124,chan,工具,工具
125,check,工具,工具
126,checkpolicy,工具,工具
127,cheese,工具,库
128,chkconfig,工具,库
129,chrome-gnome-shell,工具,库
130,chrony,服务,库
131,chrpath,工具,库
132,cifs-utils,工具,工具
133,cim-schema,服务,库
134,cjose,库,库
135,clang,其它,库
136,cldr-emoji-annotation,工具,库
137,clevis,工具,库
138,cloud-init,其它,库
139,clucene,工具,库
140,clufter,工具,库
141,clutter,库,库
142,clutter-gst2,库,库
143,clutter-gst3,库,库
144,clutter-gtk,库,库
145,cmake,工具,库
146,cockpit,库,库
147,cockpit-appstream,库,库
148,cockpit-composer,库,库
149,cockpit-session-recording,库,库
150,codemodel,库,库
151,cogl,库,库
152,color-filesystem,库,库
153,colord,服务,库
154,colord-gtk,库,库
155,compat-libtiff3,库,库
156,conntrack-tools,工具,工具
157,container-exception-logger,工具,库
158,containerd,服务,库
159,convmv,工具,工具
160,copy-jdk-configs,工具,库
161,coreutils,工具,库
162,corosync,库,库
163,corosync-qdevice,服务,库
164,cpio,工具,工具
165,cppcheck,工具,库
166,cppunit,工具,库
167,cracklib,库,库
168,crash,工具,库
169,crash-gcore-command,工具,库
170,crash-ptdump-command,工具,库
171,crash-trace-command,工具,库
172,crda,服务,工具
173,createrepo_c,工具,库
174,cronie,服务,工具
175,crontabs,工具,工具
176,crypto-policies,工具,工具
177,cryptsetup,工具,库
178,cscope,工具,工具
179,ctags,工具,工具
180,culmus-fonts,其它,库
181,cups,服务,库
182,cups-filters,库,库
183,cups-pk-helper,库,库
184,curl,工具,工具
185,cyrus-imapd,库,库
186,cyrus-sasl,库,库
187,dav1d,库,库
188,dbus,其它,库
189,dbus-c++,库,库
190,dbus-glib,库,库
191,dbus-python,库,库
192,dbusmenu-qt,其它,库
193,dbxtool,工具,工具
194,dconf,工具,库
195,dconf-editor,工具,库
196,dcraw,工具,库
197,dde,其它,库
198,dde-account-faces,其它,库
199,dde-api,库,库
200,dde-calendar,其它,库
201,dde-clipboard,其它,库
202,dde-control-center,其它,库
203,dde-daemon,其它,库
204,dde-device-formatter,其它,库
205,dde-dock,其它,库
206,dde-file-manager,其它,库
207,dde-kwin,其它,库
208,dde-launcher,其它,库
209,dde-network-utils,其它,库
210,dde-polkit-agent,其它,库
211,dde-printer,其它,库
212,dde-qt-dbus-factory,其它,库
213,dde-qt5integration,其它,库
214,dde-qt5platform-plugins,其它,库
215,dde-server-industry-config,其它,库
216,dde-session-shell,其它,库
217,dde-session-ui,其它,库
218,deepin-anything,其它,库
219,deepin-authenticate,其它,库
220,deepin-boot-maker,其它,库
221,deepin-calculator,其它,库
222,deepin-compressor,其它,库
223,deepin-default-settings,其它,库
224,deepin-desktop-base,其它,库
225,deepin-desktop-schemas,其它,库
226,deepin-devicemanager,其它,库
227,deepin-diskmanager,其它,库
228,deepin-editor,其它,库
229,deepin-fcitxconfigtool-plugin,其它,库
230,deepin-font-manager,其它,库
231,deepin-gettext-tools,其它,库
232,deepin-gtk-theme,其它,库
233,deepin-icon-theme,其它,库
234,deepin-image-viewer,其它,库
235,deepin-log-viewer,其它,库
236,deepin-manual,其它,库
237,deepin-menu,其它,库
238,deepin-picker,其它,库
239,deepin-pw-check,其它,库
240,deepin-reader,其它,库
241,deepin-screen-recorder,其它,库
242,deepin-shortcut-viewer,其它,库
243,deepin-sound-theme,其它,库
244,deepin-system-monitor,其它,库
245,deepin-terminal,其它,库
246,deepin-turbo,其它,库
247,deepin-wallpapers,其它,库
248,dejagnu,工具,工具
249,dejavu-fonts,其它,库
250,desktop-file-utils,工具,库
251,devhelp,工具,库
252,device-mapper-multipath,工具,库
253,device-mapper-persistent-data,库,库
254,dhcp,服务,工具
255,dialog,库,库
256,diffstat,工具,工具
257,diffutils,工具,工具
258,ding-libs,库,库
259,disomaster,工具,库
260,djvulibre,工具,库
261,dleyna-connector-dbus,服务,库
262,dleyna-core,库,库
263,dleyna-renderer,服务,库
264,dleyna-server,服务,库
265,dlm,库,库
266,dmidecode,工具,库
267,dnf,工具,库
268,dnf-plugins-core,工具,工具
269,dnssec-trigger,工具,工具
270,docbook-dtds,库,库
271,docbook-style-dsssl,库,库
272,docbook-style-xsl,库,库
273,docbook-utils,工具,库
274,docbook2X,工具,库
275,docker,其它,库
276,dos2unix,工具,库
277,dosfstools,工具,库
278,dotconf,库,库
279,dotnet,服务,库
280,dotnet3.0,服务,库
281,dotnet3.1,服务,库
282,dotnet5.0,服务,库
283,dotnet6.0,服务,库
284,dovecot,库,库
285,doxygen,工具,工具
286,dpa-ext-gnomekeyring,工具,库
287,dpdk,库,库
288,dracut,工具,工具
289,drpm,库,库
290,dtkcore,工具,库
291,dtkgui,工具,库
292,dtkwidget,工具,库
293,dump,工具,工具
294,dvd+rw-tools,工具,库
295,dwz,工具,工具
296,dyninst,工具,库
297,e2fsprogs,工具,库
298,ed,工具,工具
299,edk2,库,库
300,efi-rpm-macros,库,库
301,efibootmgr,工具,工具
302,efivar,服务,库
303,egl-wayland,库,库
304,elfutils,工具,工具
305,elinks,工具,库
306,emacs,工具,库
307,enchant,库,库
308,enchant2,库,库
309,enscript,工具,工具
310,environment-modules,库,工具
311,eog,工具,库
312,epel-aliyuncs-release,服务,库
313,epel-release,服务,库
314,epel-rpm-macros,库,库
315,esc,工具,库
316,espeak-ng,工具,库
317,eth-tools,工具,工具
318,ethtool,工具,库
319,evemu,库,库
320,evince,工具,库
321,evolution,工具,库
322,evolution-data-server,工具,库
323,evolution-ews,工具,库
324,evolution-mapi,工具,库
325,exempi,库,库
326,exiv2,工具,库
327,expat,工具,库
328,expect,工具,工具
329,extra-cmake-modules,库,库
330,f32-backgrounds,其它,库
331,faad2,库,库
332,fabtests,库,库
333,fapolicyd,服务,库
334,farstream02,库,库
335,fcitx,工具,库
336,fcitx-configtool,工具,库
337,fcitx-qt5,库,库
338,fcoe-utils,工具,工具
339,fence-agents,工具,工具
340,fence-virt,服务,库
341,ffmpeg,库,库
342,ffmpegthumbnailer,工具,库
343,fftw,库,库
344,fido-device-onboard,工具,库
345,file,工具,库
346,file-roller,工具,库
347,filesystem,服务,工具
348,findutils,工具,工具
349,fio,工具,库
350,fipscheck,库,库
351,firefox,工具,库
352,firewalld,服务,工具
353,flac,库,库
354,flatpak,服务,库
355,flatpak-builder,工具,库
356,flex,工具,工具
357,fltk,库,库
358,flute,库,库
359,fontawesome-fonts,其它,库
360,fontconfig,工具,库
361,fontforge,工具,库
362,fontpackages,工具,库
363,fonts-tweak-tool,工具,库
364,foomatic,服务,库
365,foomatic-db,库,库
366,fpc-srpm-macros,库,库
367,fprintd,服务,库
368,freeglut,库,库
369,freeimage,库,库
370,freeipmi,库,库
371,freerdp,库,库
372,freetype,库,库
373,frei0r-plugins,库,库
374,fribidi,库,库
375,frr,服务,库
376,fstrm,库,库
377,fuse,工具,库
378,fuse-overlayfs,工具,库
379,fuse-sshfs,工具,工具
380,fwupd,服务,库
381,fwupdate,工具,库
382,fxload,工具,库
383,gamin,库,库
384,gavl,库,库
385,gawk,工具,库
386,gc,库,库
387,gcab,库,库
388,gcc,工具,工具
389,gcc-toolset-10,工具,工具
390,gcc-toolset-10-annobin,工具,工具
391,gcc-toolset-10-binutils,工具,工具
392,gcc-toolset-10-dwz,工具,工具
393,gcc-toolset-10-dyninst,工具,库
394,gcc-toolset-10-elfutils,工具,工具
395,gcc-toolset-10-gcc,工具,工具
396,gcc-toolset-10-gdb,工具,工具
397,gcc-toolset-10-ltrace,工具,工具
398,gcc-toolset-10-make,工具,工具
399,gcc-toolset-10-strace,工具,工具
400,gcc-toolset-10-systemtap,工具,工具
401,gcc-toolset-10-valgrind,工具,工具
402,gcc-toolset-11,工具,工具
403,gcc-toolset-11-annobin,工具,工具
404,gcc-toolset-11-binutils,工具,工具
405,gcc-toolset-11-dwz,工具,工具
406,gcc-toolset-11-dyninst,工具,库
407,gcc-toolset-11-elfutils,工具,工具
408,gcc-toolset-11-gcc,工具,工具
409,gcc-toolset-11-gdb,工具,工具
410,gcc-toolset-11-ltrace,工具,工具
411,gcc-toolset-11-make,工具,工具
412,gcc-toolset-11-strace,工具,工具
413,gcc-toolset-11-systemtap,工具,工具
414,gcc-toolset-11-valgrind,工具,工具
415,gcc-toolset-9,工具,工具
416,gcc-toolset-9-annobin,工具,工具
417,gcc-toolset-9-binutils,工具,工具
418,gcc-toolset-9-dwz,工具,工具
419,gcc-toolset-9-dyninst,工具,库
420,gcc-toolset-9-elfutils,工具,工具
421,gcc-toolset-9-gcc,工具,工具
422,gcc-toolset-9-gdb,工具,工具
423,gcc-toolset-9-ltrace,工具,工具
424,gcc-toolset-9-make,工具,工具
425,gcc-toolset-9-strace,工具,工具
426,gcc-toolset-9-systemtap,工具,工具
427,gcc-toolset-9-valgrind,工具,工具
428,gcr,库,库
429,gd,库,库
430,gdb,工具,库
431,gdbm,库,库
432,gdisk,工具,库
433,gdk-pixbuf2,库,库
434,gdm,其它,库
435,gedit,工具,库
436,gedit-plugins,工具,库
437,gegl,库,库
438,gegl04,库,库
439,genwqe-tools,工具,工具
440,geoclue2,库,库
441,geocode-glib,库,库
442,gettext,工具,库
443,gfbgraph,库,库
444,gflags,库,库
445,gfs2-utils,工具,库
446,ghc-srpm-macros,库,库
447,ghostscript,工具,库
448,giflib,库,库
449,gimp,其它,库
450,gio-qt,库,库
451,git,工具,库
452,git-lfs,库,库
453,gjs,库,库
454,glade,工具,库
455,glib-networking,库,库
456,glib2,库,库
457,glibc,库,工具
458,glibmm24,库,库
459,glog,库,库
460,glusterfs,服务,库
461,gmp,库,库
462,gnome-abrt,其它,库
463,gnome-autoar,其它,库
464,gnome-bluetooth,其它,库
465,gnome-boxes,其它,库
466,gnome-calculator,其它,库
467,gnome-characters,其它,库
468,gnome-color-manager,其它,库
469,gnome-common,其它,库
470,gnome-control-center,其它,其它
471,gnome-desktop3,其它,库
472,gnome-disk-utility,其它,库
473,gnome-font-viewer,其它,库
474,gnome-getting-started-docs,其它,库
475,gnome-initial-setup,其它,库
476,gnome-keyring,其它,库
477,gnome-logs,其它,库
478,gnome-menus,其它,库
479,gnome-online-accounts,其它,库
480,gnome-online-miners,其它,库
481,gnome-photos,其它,库
482,gnome-remote-desktop,其它,库
483,gnome-screenshot,其它,库
484,gnome-session,其它,库
485,gnome-settings-daemon,其它,库
486,gnome-shell,其它,库
487,gnome-shell-extensions,其它,其它
488,gnome-software,其它,库
489,gnome-system-monitor,其它,库
490,gnome-terminal,其它,库
491,gnome-themes-standard,其它,其它
492,gnome-tweaks,其它,其它
493,gnome-user-docs,其它,库
494,gnome-video-effects,其它,库
495,gnu-free-fonts,其它,其它
496,gnupg2,工具,库
497,gnuplot,工具,工具
498,gnutls,库,库
499,go-srpm-macros,库,库
500,gobject-introspection,库,库
501,golang,其它,库
502,golang-dbus,其它,库
503,golang-github-axgle-mahonia,其它,其它
504,golang-github-cryptix-wav,其它,库
505,golang-github-davecgh-go-spew,其它,其它
506,golang-github-disintegration-imaging,其它,库
507,golang-github-fogleman-gg,其它,库
508,golang-github-fsnotify-fsnotify,其它,库
509,golang-github-gosexy-gettext,其它,其它
510,golang-github-kelvins-sunrisesunset,其它,其它
511,golang-github-lofanmi-pinyin,其它,库
512,golang-github-mattn-go-sqlite3,其它,其它
513,golang-github-mozillazg-pinyin,其它,库
514,golang-github-msteinert-pam,其它,其它
515,golang-github-nfnt-resize,其它,库
516,golang-github-rickb777-date,其它,其它
517,golang-github-stretchr-testify,其它,库
518,golang-gopkg-alecthomas-kingpin,其它,库
519,golang-x-image,其它,库
520,golang-x-text,其它,库
521,golang-x-xerrors,其它,库
522,gom,其它,库
523,google-api-python-client,其它,库
524,google-crosextra-caladea-fonts,其它,库
525,google-crosextra-carlito-fonts,其它,其它
526,google-droid-fonts,其它,库
527,google-noto-fonts,其它,其它
528,google-roboto-slab-fonts,其它,库
529,gpac,库,库
530,gperf,工具,工具
531,gpgme,库,库
532,gpm,库,库
533,grafana,工具,库
534,grafana-pcp,库,库
535,graphite2,服务,库
536,graphviz,工具,库
537,greenboot,工具,库
538,grep,工具,工具
539,grilo,库,库
540,grilo-plugins,库,库
541,groff,工具,工具
542,grub2,服务,工具
543,grubby,工具,工具
544,gsettings-desktop-schemas,其它,库
545,gsettings-qt,库,库
546,gsl,库,库
547,gsm,库,库
548,gsound,库,库
549,gspell,库,库
550,gssdp,服务,库
551,gssntlmssp,库,库
552,gssproxy,库,工具
553,gstreamer1,库,库
554,gstreamer1-plugins-bad-free,库,库
555,gstreamer1-plugins-base,库,库
556,gstreamer1-plugins-good,库,库
557,gstreamer1-plugins-ugly-free,库,库
558,gtk-vnc,工具,库
559,gtk2,库,库
560,gtk3,库,库
561,gtkmm24,库,库
562,gtkmm30,库,库
563,gtksourceview3,工具,库
564,gtkspell,工具,库
565,gtkspell3,工具,库
566,guile,库,库
567,gupnp,库,库
568,gupnp-av,库,库
569,gupnp-dlna,库,库
570,gupnp-igd,库,库
571,gutenprint,库,库
572,gvfs,工具,库
573,gzip,工具,工具
574,hardlink,工具,库
575,harfbuzz,库,库
576,hdparm,工具,工具
577,hesiod,库,库
578,hexchat,工具,库
579,hicolor-icon-theme,工具,库
580,highlight,工具,库
581,hostname,工具,工具
582,hplip,工具,工具
583,hspell,工具,库
584,htmlcxx,库,库
585,http-parser,库,库
586,httpd,其它,库
587,hunspell,库,库
588,hunspell-af,库,库
589,hunspell-ak,库,库
590,hunspell-am,库,库
591,hunspell-ar,库,库
592,hunspell-as,库,库
593,hunspell-ast,库,库
594,hunspell-az,库,库
595,hunspell-be,库,库
596,hunspell-ber,库,库
597,hunspell-bg,库,库
598,hunspell-bn,库,库
599,hunspell-br,库,库
600,hunspell-ca,库,库
601,hunspell-cop,库,库
602,hunspell-csb,库,库
603,hunspell-cv,库,库
604,hunspell-cy,库,库
605,hunspell-da,库,库
606,hunspell-de,库,库
607,hunspell-dsb,库,库
608,hunspell-el,库,库
609,hunspell-en,库,库
610,hunspell-eo,库,库
611,hunspell-es,库,库
612,hunspell-et,库,库
613,hunspell-eu,库,库
614,hunspell-fa,库,库
615,hunspell-fj,库,库
616,hunspell-fo,库,库
617,hunspell-fr,库,库
618,hunspell-fur,库,库
619,hunspell-fy,库,库
620,hunspell-ga,库,库
621,hunspell-gd,库,库
622,hunspell-gl,库,库
623,hunspell-grc,库,库
624,hunspell-gu,库,库
625,hunspell-gv,库,库
626,hunspell-haw,库,库
627,hunspell-hi,库,库
628,hunspell-hil,库,库
629,hunspell-hr,库,库
630,hunspell-hsb,库,库
631,hunspell-ht,库,库
632,hunspell-hu,库,库
633,hunspell-hy,库,库
634,hunspell-ia,库,库
635,hunspell-id,库,库
636,hunspell-is,库,库
637,hunspell-it,库,库
638,hunspell-kk,库,库
639,hunspell-km,库,库
640,hunspell-kn,库,库
641,hunspell-ko,库,库
642,hunspell-ku,库,库
643,hunspell-ky,库,库
644,hunspell-la,库,库
645,hunspell-lb,库,库
646,hunspell-ln,库,库
647,hunspell-lt,库,库
648,hunspell-mai,库,库
649,hunspell-mg,库,库
650,hunspell-mi,库,库
651,hunspell-mk,库,库
652,hunspell-ml,库,库
653,hunspell-mn,库,库
654,hunspell-mos,库,库
655,hunspell-mr,库,库
656,hunspell-ms,库,库
657,hunspell-mt,库,库
658,hunspell-nds,库,库
659,hunspell-ne,库,库
660,hunspell-nl,库,库
661,hunspell-no,库,库
662,hunspell-nr,库,库
663,hunspell-nso,库,库
664,hunspell-ny,库,库
665,hunspell-oc,库,库
666,hunspell-om,库,库
667,hunspell-or,库,库
668,hunspell-pa,库,库
669,hunspell-pl,库,库
670,hunspell-pt,库,库
671,hunspell-qu,库,库
672,hunspell-quh,库,库
673,hunspell-ro,库,库
674,hunspell-ru,库,库
675,hunspell-rw,库,库
676,hunspell-sc,库,库
677,hunspell-se,库,库
678,hunspell-shs,库,库
679,hunspell-si,库,库
680,hunspell-sk,库,库
681,hunspell-sl,库,库
682,hunspell-smj,库,库
683,hunspell-so,库,库
684,hunspell-sq,库,库
685,hunspell-sr,库,库
686,hunspell-ss,库,库
687,hunspell-st,库,库
688,hunspell-sv,库,库
689,hunspell-sw,库,库
690,hunspell-ta,库,库
691,hunspell-te,库,库
692,hunspell-tet,库,库
693,hunspell-th,库,库
694,hunspell-ti,库,库
695,hunspell-tk,库,库
696,hunspell-tl,库,库
697,hunspell-tn,库,库
698,hunspell-tpi,库,库
699,hunspell-ts,库,库
700,hunspell-uk,库,库
701,hunspell-ur,库,库
702,hunspell-uz,库,库
703,hunspell-ve,库,库
704,hunspell-vi,库,库
705,hunspell-wa,库,库
706,hunspell-xh,库,库
707,hunspell-yi,库,库
708,hunspell-zu,库,库
709,hwdata,服务,库
710,hwinfo,工具,库
711,hwloc,库,库
712,hyphen,库,库
713,hyphen-as,工具,库
714,hyphen-bg,工具,库
715,hyphen-bn,工具,库
716,hyphen-ca,工具,库
717,hyphen-cy,工具,库
718,hyphen-da,工具,库
719,hyphen-de,工具,库
720,hyphen-el,工具,库
721,hyphen-es,工具,库
722,hyphen-eu,工具,库
723,hyphen-fa,工具,库
724,hyphen-fo,工具,库
725,hyphen-fr,工具,库
726,hyphen-ga,工具,库
727,hyphen-gl,工具,库
728,hyphen-grc,工具,库
729,hyphen-gu,工具,库
730,hyphen-hi,工具,库
731,hyphen-hsb,工具,库
732,hyphen-hu,工具,库
733,hyphen-ia,工具,库
734,hyphen-id,工具,库
735,hyphen-is,工具,库
736,hyphen-it,工具,库
737,hyphen-kn,工具,库
738,hyphen-ku,工具,库
739,hyphen-lt,工具,库
740,hyphen-mi,工具,库
741,hyphen-ml,工具,库
742,hyphen-mn,工具,库
743,hyphen-mr,工具,库
744,hyphen-nl,工具,库
745,hyphen-or,工具,库
746,hyphen-pa,工具,库
747,hyphen-pl,工具,库
748,hyphen-pt,工具,库
749,hyphen-ro,工具,库
750,hyphen-ru,工具,库
751,hyphen-sa,工具,库
752,hyphen-sk,工具,库
753,hyphen-sl,工具,库
754,hyphen-sv,工具,库
755,hyphen-ta,工具,库
756,hyphen-te,工具,库
757,hyphen-tk,工具,库
758,hyphen-uk,工具,库
759,i2c-tools,工具,库
760,ibus,工具,库
761,ibus-hangul,工具,库
762,ibus-kkc,工具,库
763,ibus-libpinyin,工具,库
764,ibus-libzhuyin,工具,库
765,ibus-m17n,工具,库
766,ibus-sayura,工具,库
767,ibus-table,工具,库
768,ibus-table-chinese,工具,工具
769,ibus-typing-booster,工具,库
770,icedtea-web,库,库
771,icoutils,工具,工具
772,icu,库,库
773,iio-sensor-proxy,工具,库
774,ilmbase,库,库
775,ima-evm-utils,库,库
776,imlib2,工具,库
777,imsettings,工具,库
778,iniparser,工具,库
779,initial-setup,工具,库
780,initscripts,服务,工具
781,intel-cmt-cat,工具,工具
782,intltool,工具,工具
783,iotop,工具,库
784,ipcalc,工具,工具
785,ipmitool,工具,工具
786,iproute,库,工具
787,iprutils,工具,库
788,ipset,工具,库
789,iptables,工具,库
790,iptraf-ng,工具,工具
791,iptstate,工具,库
792,iputils,工具,工具
793,irqbalance,服务,库
794,irssi,工具,工具
795,iscsi-initiator-utils,工具,工具
796,isl,库,库
797,isns-utils,工具,工具
798,iso-codes,工具,库
799,isomd5sum,工具,库
800,istack-commons,库,库
801,itstool,工具,库
802,iw,工具,库
803,jabberpy,库,库
804,jack-audio-connection-kit,库,库
805,jansson,库,库
806,jasper,库,库
807,java-1.8.0-alibaba-dragonwell,其它,库
808,java-1.8.0-openjdk,其它,其它
809,java-11-alibaba-dragonwell,其它,库
810,java-11-openjdk,其它,库
811,java-17-openjdk,其它,库
812,java-atk-wrapper,其它,库
813,javapackages-tools,其它,库
814,jbig2dec,工具,库
815,jbigkit,库,库
816,jboss-annotations-1.2-api,其它,库
817,jboss-jaxrs-2.0-api,其它,库
818,jboss-logging,其它,库
819,jboss-logging-tools,其它,库
820,jdeparser,其它,库
821,jemalloc,库,库
822,jigawatts,库,库
823,jimtcl,工具,库
824,jna,库,库
825,jolokia-jvm-agent,服务,库
826,jose,库,库
827,jq,工具,库
828,json-c,库,库
829,json-glib,库,库
830,jvnet-parent,其它,库
831,jxrlib,库,库
832,kabi-dw,工具,工具
833,kata-containers,工具,库
834,kbd,工具,库
835,kde-filesystem,其它,库
836,kde-settings,其它,库
837,kdecoration,其它,库
838,kdump-anaconda-addon,工具,库
839,keepalived,工具,工具
840,kernel,其它,工具
841,kexec-tools,工具,工具
842,keybinder3,工具,库
843,keycloak-httpd-client-install,工具,工具
844,keyutils,工具,工具
845,kf5,其它,库
846,kf5-attica,其它,库
847,kf5-frameworkintegration,其它,其它
848,kf5-kactivities,其它,库
849,kf5-karchive,其它,其它
850,kf5-kauth,其它,其它
851,kf5-kbookmarks,其它,其它
852,kf5-kcmutils,其它,库
853,kf5-kcodecs,其它,其它
854,kf5-kcompletion,其它,库
855,kf5-kconfig,其它,库
856,kf5-kconfigwidgets,其它,其它
857,kf5-kcoreaddons,其它,其它
858,kf5-kcrash,其它,其它
859,kf5-kdbusaddons,其它,库
860,kf5-kdeclarative,其它,其它
861,kf5-kded,其它,库
862,kf5-kdelibs4support,其它,其它
863,kf5-kdesignerplugin,其它,其它
864,kf5-kdesu,其它,其它
865,kf5-kdoctools,其它,其它
866,kf5-kemoticons,其它,库
867,kf5-kglobalaccel,其它,其它
868,kf5-kguiaddons,其它,其它
869,kf5-ki18n,其它,其它
870,kf5-kiconthemes,其它,其它
871,kf5-kidletime,其它,库
872,kf5-kinit,其它,其它
873,kf5-kio,其它,库
874,kf5-kirigami2,其它,库
875,kf5-kitemmodels,其它,其它
876,kf5-kitemviews,其它,其它
877,kf5-kjobwidgets,其它,其它
878,kf5-knewstuff,其它,其它
879,kf5-knotifications,其它,其它
880,kf5-kpackage,其它,库
881,kf5-kparts,其它,其它
882,kf5-kplotting,其它,其它
883,kf5-kpty,其它,库
884,kf5-kservice,其它,其它
885,kf5-ktextwidgets,其它,其它
886,kf5-kunitconversion,其它,其它
887,kf5-kwallet,其它,其它
888,kf5-kwayland,其它,库
889,kf5-kwidgetsaddons,其它,其它
890,kf5-kwindowsystem,其它,其它
891,kf5-kxmlgui,其它,其它
892,kf5-networkmanager-qt,其它,其它
893,kf5-plasma,其它,库
894,kf5-solid,其它,其它
895,kf5-sonnet,其它,库
896,kf5-syntax-highlighting,其它,库
897,kmod,工具,工具
898,kmod-kvdo,库,库
899,kpatch,工具,库
900,krb5,服务,工具
901,kronosnet,库,库
902,ksc,工具,工具
903,kscreenlocker,库,库
904,kwin,其它,库
905,kyotocabinet,库,库
906,lame,库,库
907,langtable,工具,库
908,lapack,库,库
909,lasso,库,库
910,latex2html,工具,库
911,lcms2,工具,库
912,ldns,库,库
913,ledmon,库,工具
914,leptonica,库,库
915,less,工具,工具
916,lftp,工具,库
917,libEMF,库,库
918,libICE,库,库
919,libSM,库,库
920,libX11,库,库
921,libXNVCtrl,库,库
922,libXScrnSaver,库,库
923,libXau,库,库
924,libXaw,库,库
925,libXcomposite,库,库
926,libXcursor,库,库
927,libXdamage,库,库
928,libXdmcp,库,库
929,libXext,库,库
930,libXfixes,库,库
931,libXfont2,库,库
932,libXft,库,库
933,libXi,库,库
934,libXinerama,库,库
935,libXmu,库,库
936,libXp,库,库
937,libXpm,库,库
938,libXrandr,库,库
939,libXrender,库,库
940,libXres,库,库
941,libXt,库,库
942,libXtst,库,库
943,libXv,库,库
944,libXvMC,库,库
945,libXxf86dga,库,库
946,libXxf86misc,库,库
947,libXxf86vm,库,库
948,libabw,库,库
949,libaio,库,库
950,libao,库,库
951,libappindicator,库,库
952,libappstream-glib,库,库
953,libarchive,库,库
954,libass,库,库
955,libassuan,库,库
956,libasyncns,库,库
957,libatasmart,库,库
958,libatomic_ops,库,库
959,libavc1394,库,库
960,libbase,库,库
961,libblockdev,库,库
962,libbpf,库,库
963,libburn,库,库
964,libbytesize,库,库
965,libcacard,库,库
966,libcanberra,库,库
967,libcap,库,库
968,libcap-ng,库,库
969,libcdio,库,库
970,libcdio-paranoia,库,库
971,libcdr,库,库
972,libcgroup,库,库
973,libchardet,库,库
974,libcmis,库,库
975,libcomps,库,库
976,libconfig,库,库
977,libcroco,库,库
978,libdaemon,库,库
979,libdatrie,库,库
980,libdazzle,库,库
981,libdb,库,库
982,libdbusmenu,库,库
983,libdc1394,库,库
984,libdmapsharing,库,库
985,libdmx,库,库
986,libdnf,库,库
987,libdrm,库,库
988,libdv,库,库
989,libdvdnav,库,库
990,libdvdread,库,库
991,libdwarf,库,库
992,libeasyfc,库,库
993,libecpg,库,库
994,libedit,库,库
995,libepoxy,库,库
996,libepubgen,库,库
997,liberation-fonts,其它,库
998,liberation-narrow-fonts,其它,库
999,libestr,库,库
1000,libetonyek,库,库
1001,libev,库,库
1002,libevdev,库,库
1003,libevent,库,库
1004,libexif,库,库
1005,libexttextcat,库,库
1006,libfabric,库,库
1007,libfastjson,库,库
1008,libffado,库,库
1009,libffi,库,库
1010,libfontenc,库,库
1011,libfonts,库,库
1012,libformula,库,库
1013,libfprint,库,库
1014,libfreehand,库,库
1015,libgcrypt,库,库
1016,libgdata,库,库
1017,libgdither,库,库
1018,libgee,库,库
1019,libgexiv2,库,库
1020,libgit2,库,库
1021,libgit2-glib,库,库
1022,libglvnd,库,库
1023,libgnomekbd,库,库
1024,libgovirt,库,库
1025,libgpg-error,库,库
1026,libgphoto2,库,库
1027,libgpod,库,库
1028,libgsf,库,库
1029,libgtop2,库,库
1030,libgudev,库,库
1031,libguestfs,其它,库
1032,libgusb,库,库
1033,libgweather,库,库
1034,libgxim,库,库
1035,libgxps,库,库
1036,libhangul,库,库
1037,libhbaapi,库,库
1038,libhbalinux,库,库
1039,libhugetlbfs,库,库
1040,libical,库,库
1041,libid3tag,库,库
1042,libidn,库,库
1043,libidn2,库,库
1044,libiec61883,库,库
1045,libieee1284,库,库
1046,libijs,库,库
1047,libimobiledevice,库,库
1048,libindicator,库,库
1049,libinput,库,库
1050,libipt,库,工具
1051,libiptcdata,库,库
1052,libisoburn,库,库
1053,libisofs,库,库
1054,libjpeg-turbo,库,库
1055,libkcapi,库,工具
1056,libkeepalive,库,库
1057,libkkc,库,库
1058,libkkc-data,库,库
1059,libksba,库,库
1060,liblangtag,库,库
1061,liblayout,库,库
1062,libldb,库,库
1063,libloader,库,库
1064,liblockfile,库,库
1065,liblognorm,库,库
1066,liblouis,库,库
1067,libmad,库,库
1068,libmatchbox,库,库
1069,libmaxminddb,库,库
1070,libmbim,库,库
1071,libmediaart,库,库
1072,libmediainfo,库,库
1073,libmemcached,库,库
1074,libmetalink,库,库
1075,libmfx,库,库
1076,libmicrohttpd,库,库
1077,libmng,库,库
1078,libmnl,库,库
1079,libmodman,库,库
1080,libmodplug,库,库
1081,libmodulemd,库,库
1082,libmpc,库,库
1083,libmspack,库,库
1084,libmspub,库,库
1085,libmtp,库,库
1086,libmusicbrainz5,库,库
1087,libmwaw,库,库
1088,libndp,库,工具
1089,libnet,库,库
1090,libnetfilter_conntrack,库,库
1091,libnetfilter_cthelper,库,库
1092,libnetfilter_cttimeout,库,库
1093,libnetfilter_queue,库,库
1094,libnfnetlink,库,库
1095,libnftnl,库,库
1096,libnice,库,库
1097,libnl3,库,库
1098,libnma,库,库
1099,libnotify,库,库
1100,libnsl2,库,库
1101,libnumbertext,库,库
1102,liboauth,库,库
1103,libodfgen,库,库
1104,libogg,库,库
1105,libopenraw,库,库
1106,liborcus,库,库
1107,libosinfo,库,库
1108,libotf,库,库
1109,libpagemaker,库,库
1110,libpaper,库,库
1111,libpcap,库,库
1112,libpciaccess,库,库
1113,libpeas,库,库
1114,libpfm,库,库
1115,libpinyin,库,库
1116,libpipeline,库,工具
1117,libplist,库,库
1118,libpng,库,库
1119,libpng12,库,库
1120,libpq,库,库
1121,libproxy,库,库
1122,libpsl,库,库
1123,libpsm2,库,库
1124,libpst,库,库
1125,libpwquality,库,库
1126,libqb,库,库
1127,libqmi,库,库
1128,libqrtr-glib,库,库
1129,libqtxdg,库,库
1130,libquvi,库,库
1131,libquvi-scripts,库,库
1132,libqxp,库,库
1133,librabbitmq,库,库
1134,libraw1394,库,库
1135,librdkafka,库,库
1136,librelp,库,库
1137,libreoffice,库,库
1138,libreoffice-voikko,库,库
1139,librepo,库,库
1140,libreport,库,库
1141,librepository,库,库
1142,libreswan,库,库
1143,librevenge,库,库
1144,librhsm,库,库
1145,librsvg2,库,库
1146,libsamplerate,库,库
1147,libseccomp,库,库
1148,libsecret,库,库
1149,libselinux,库,库
1150,libsemanage,库,工具
1151,libsepol,库,工具
1152,libserializer,库,库
1153,libshout,库,库
1154,libsigc++20,库,库
1155,libsigsegv,库,库
1156,libsmbios,库,库
1157,libsmi,库,库
1158,libsndfile,库,库
1159,libsolv,库,库
1160,libsoup,库,库
1161,libspectre,库,库
1162,libspiro,库,库
1163,libsrtp,库,库
1164,libssh,库,库
1165,libstaroffice,库,库
1166,libstemmer,库,库
1167,libstoragemgmt,库,库
1168,libsvm,库,库
1169,libtalloc,库,库
1170,libtar,库,库
1171,libtasn1,库,库
1172,libtdb,库,库
1173,libteam,库,库
1174,libtevent,库,库
1175,libthai,库,库
1176,libtheora,库,库
1177,libtiff,库,库
1178,libtimezonemap,库,库
1179,libtirpc,库,库
1180,libtool,工具,库
1181,libucil,库,库
1182,libunicap,库,库
1183,libuninameslist,库,库
1184,libunistring,库,库
1185,liburing,库,库
1186,libusb,库,库
1187,libusbmuxd,库,库
1188,libusbx,库,库
1189,libuser,库,库
1190,libutempter,库,工具
1191,libuv,库,库
1192,libva,库,库
1193,libvarlink,库,库
1194,libvdpau,库,库
1195,libverto,库,库
1196,libvirt,其它,库
1197,libvirt-dbus,其它,库
1198,libvirt-glib,库,库
1199,libvirt-python,其它,库
1200,libvisio,库,库
1201,libvisual,库,库
1202,libvncserver,库,库
1203,libvoikko,库,工具
1204,libvorbis,库,库
1205,libvpx,库,库
1206,libwacom,库,库
1207,libwebp,库,库
1208,libwmf,库,库
1209,libwnck3,库,库
1210,libwpd,库,库
1211,libwpg,库,库
1212,libwps,库,库
1213,libx86emu,库,库
1214,libxcb,库,库
1215,libxcrypt,库,库
1216,libxkbcommon,库,库
1217,libxkbfile,库,库
1218,libxklavier,库,库
1219,libxml++,库,库
1220,libxml2,库,库
1221,libxmlb,库,库
1222,libxshmfence,库,库
1223,libxslt,库,库
1224,libyami,库,库
1225,libyaml,库,库
1226,libyang,库,库
1227,libzen,库,库
1228,libzmf,库,库
1229,lightdm,其它,库
1230,lightdm-gtk,库,库
1231,lightdm-gtk-greeter-settings,库,库
1232,linux-firmware,工具,工具
1233,linuxconsoletools,工具,库
1234,linuxdoc-tools,工具,库
1235,lksctp-tools,工具,库
1236,lldpad,服务,库
1237,lldpd,服务,库
1238,llvm,其它,库
1239,lm_sensors,库,工具
1240,lmdb,工具,库
1241,lockdev,库,库
1242,log4j,库,库
1243,logrotate,服务,库
1244,logwatch,工具,工具
1245,lorax,工具,库
1246,lorax-templates-anolis,服务,库
1247,lpsolve,工具,库
1248,lrzsz,工具,库
1249,lshw,工具,库
1250,lsof,工具,工具
1251,lsscsi,库,库
1252,lttng-ust,库,库
1253,lua,工具,库
1254,lua-expat,库,库
1255,lua-filesystem,库,库
1256,lua-json,库,库
1257,lua-lpeg,库,库
1258,lua-posix,库,库
1259,lua-rpm-macros,库,库
1260,lua-socket,库,库
1261,luajit,库,库
1262,lucene++,库,库
1263,luksmeta,工具,工具
1264,lvm2,工具,工具
1265,lz4,工具,库
1266,lzo,库,工具
1267,lzop,工具,工具
1268,m17n-db,库,库
1269,m17n-lib,库,库
1270,m4,工具,工具
1271,mailcap,工具,库
1272,mailx,工具,工具
1273,make,工具,工具
1274,malaga,工具,库
1275,malaga-suomi-voikko,工具,库
1276,mallard-rng,工具,库
1277,man-db,工具,工具
1278,mariadb,其它,工具
1279,mariadb-connector-c,其它,库
1280,mariadb-connector-odbc,其它,库
1281,mariadb-java-client,其它,库
1282,marisa,库,库
1283,matchbox-window-manager,工具,库
1284,maven-plugin-bundle,其它,库
1285,mc,工具,工具
1286,mcelog,工具,工具
1287,mcpp,库,库
1288,mcstrans,服务,工具
1289,mdadm,工具,工具
1290,meanwhile,库,库
1291,mecab,其它,库
1292,media-player-info,库,库
1293,memcached,工具,工具
1294,memstrack,工具,库
1295,memtest86+,工具,工具
1296,mesa,库,库
1297,mesa-demos,工具,库
1298,mesa-libGLU,库,库
1299,mesa-libGLw,库,库
1300,meson,工具,库
1301,metacity,其它,库
1302,microcode_ctl,工具,工具
1303,microdnf,库,库
1304,micropipenv,工具,库
1305,mimetic,库,库
1306,mingw-binutils,工具,库
1307,mingw-bzip2,工具,库
1308,mingw-cairo,工具,库
1309,mingw-crt,工具,库
1310,mingw-expat,工具,库
1311,mingw-filesystem,工具,库
1312,mingw-fontconfig,工具,库
1313,mingw-freetype,工具,库
1314,mingw-gcc,工具,库
1315,mingw-gettext,工具,库
1316,mingw-glib2,库,库
1317,mingw-gstreamer1,工具,库
1318,mingw-harfbuzz,工具,库
1319,mingw-headers,库,库
1320,mingw-icu,库,库
1321,mingw-libffi,库,库
1322,mingw-libjpeg-turbo,库,库
1323,mingw-libpng,库,库
1324,mingw-libtiff,库,库
1325,mingw-openssl,库,库
1326,mingw-pcre,库,库
1327,mingw-pixman,库,库
1328,mingw-pkg-config,工具,工具
1329,mingw-readline,工具,工具
1330,mingw-sqlite,工具,库
1331,mingw-termcap,工具,库
1332,mingw-win-iconv,库,库
1333,mingw-winpthreads,库,库
1334,mingw-zlib,库,库
1335,minicom,工具,库
1336,minizip,工具,库
1337,mksh,工具,工具
1338,mlocate,工具,工具
1339,mobile-broadband-provider-info,库,库
1340,mod_auth_gssapi,库,库
1341,mod_auth_mellon,库,库
1342,mod_authnz_pam,库,库
1343,mod_fcgid,服务,库
1344,mod_intercept_form_submit,服务,库
1345,mod_lookup_identity,服务,库
1346,mod_security,服务,库
1347,mod_security_crs,服务,库
1348,mod_wsgi,服务,库
1349,modulemd-tools,工具,工具
1350,mokutil,工具,工具
1351,motif,库,库
1352,mousetweaks,其它,库
1353,mozilla-filesystem,库,库
1354,mozjs52,库,库
1355,mozjs60,库,库
1356,mozvoikko,工具,工具
1357,mpfr,库,库
1358,mpg123,库,库
1359,mpich,库,库
1360,mpitests,工具,库
1361,mpv,库,库
1362,mrtg,工具,工具
1363,mstflint,工具,库
1364,mt-st,工具,工具
1365,mtdev,库,库
1366,mtools,工具,工具
1367,mtr,工具,库
1368,mtx,工具,工具
1369,multilib-rpm-config,工具,库
1370,munge,库,库
1371,mutt,工具,库
1372,mutter,其它,库
1373,mvapich2,库,库
1374,mysql,其它,库
1375,mythes,库,库
1376,mythes-bg,库,库
1377,mythes-ca,库,库
1378,mythes-cs,库,库
1379,mythes-da,库,库
1380,mythes-de,库,库
1381,mythes-el,库,库
1382,mythes-en,库,库
1383,mythes-es,库,库
1384,mythes-fr,库,库
1385,mythes-ga,库,库
1386,mythes-hu,库,库
1387,mythes-it,库,库
1388,mythes-mi,库,库
1389,mythes-ne,库,库
1390,mythes-nl,库,库
1391,mythes-pl,库,库
1392,mythes-pt,库,库
1393,mythes-ro,库,库
1394,mythes-ru,库,库
1395,mythes-sk,库,库
1396,mythes-sl,库,库
1397,mythes-sv,库,库
1398,mythes-uk,库,库
1399,nano,工具,工具
1400,nasm,工具,库
1401,nautilus,其它,库
1402,ncompress,工具,库
1403,ncurses,库,库
1404,ndctl,工具,工具
1405,neon,库,库
1406,net-snmp,库,库
1407,net-tools,工具,库
1408,netlabel_tools,工具,工具
1409,netpbm,库,库
1410,nettle,库,库
1411,network-manager-applet,其它,库
1412,newt,库,库
1413,nfs-utils,工具,库
1414,nfs4-acl-tools,工具,库
1415,nftables,工具,库
1416,nghttp2,服务,库
1417,nginx,服务,库
1418,ninja-build,工具,库
1419,nispor,库,库
1420,nmap,工具,库
1421,nmstate,库,库
1422,nodejs,其它,库
1423,nodejs-nodemon,其它,库
1424,nodejs-packaging,其它,库
1425,npth,库,库
1426,nspr,库,库
1427,nss,库,库
1428,nss_nis,库,库
1429,nss_wrapper,库,工具
1430,ntfs-3g,库,库
1431,numactl,库,库
1432,numad,服务,工具
1433,numatop,工具,库
1434,numpy,库,库
1435,nvme-cli,工具,库
1436,nvmetcli,工具,库
1437,ocaml,库,库
1438,ocaml-camlp4,库,库
1439,ocaml-extlib,库,库
1440,ocaml-findlib,库,库
1441,ocaml-labltk,库,库
1442,ocaml-ocamlbuild,库,库
1443,ocaml-srpm-macros,库,库
1444,onboard,工具,库
1445,ongres-scram,库,库
1446,oniguruma,库,库
1447,opa-ff,库,库
1448,opa-fm,工具,库
1449,open-vm-tools,工具,工具
1450,openal-soft,库,库
1451,openblas,库,库
1452,openblas-srpm-macros,库,库
1453,openbox,工具,库
1454,openchange,库,库
1455,opencore-amr,库,库
1456,opencryptoki,库,库
1457,opencv,库,库
1458,openhpi,库,库
1459,openjade,库,库
1460,openjpeg2,库,库
1461,openldap,工具,库
1462,openmpi,库,库
1463,openoffice-lv,工具,库
1464,openoffice.org-dict-cs_CZ,工具,库
1465,openpgm,库,库
1466,opensc,库,库
1467,openscap,库,库
1468,openslp,库,库
1469,opensm,库,工具
1470,opensp,库,库
1471,openssh,工具,库
1472,openssl,工具,工具
1473,openssl-ibmpkcs11,库,库
1474,openssl-pkcs11,库,库
1475,openwsman,库,库
1476,opus,库,库
1477,orc,工具,库
1478,orca,库,库
1479,os-prober,库,库
1480,osbuild,库,库
1481,osbuild-composer,工具,库
1482,oscap-anaconda-addon,工具,库
1483,osinfo-db,工具,库
1484,osinfo-db-tools,工具,库
1485,ostree,工具,库
1486,p11-kit,工具,库
1487,p7zip,工具,库
1488,pacemaker,工具,工具
1489,pakchois,库,库
1490,pam,工具,库
1491,pango,库,库
1492,pangomm,库,库
1493,papi,库,库
1494,papirus-icon-theme,其它,库
1495,paps,库,库
1496,parted,工具,工具
1497,passwd,工具,库
1498,patch,工具,工具
1499,patchutils,工具,工具
1500,pavucontrol,工具,库
1501,pcaudiolib,库,库
1502,pciutils,工具,工具
1503,pcp,库,库
1504,pcre,库,库
1505,pcre2,库,库
1506,pcs,服务,库
1507,pcsc-lite,库,库
1508,pcsc-lite-ccid,库,库
1509,pentaho-libxml,库,库
1510,pentaho-reporting-flow-engine,库,库
1511,perftest,工具,库
1512,perl,工具,工具
1513,perl-Algorithm-Diff,工具,库
1514,perl-Archive-Tar,库,库
1515,perl-Archive-Zip,库,库
1516,perl-Authen-SASL,库,库
1517,perl-B-Debug,库,库
1518,perl-B-Hooks-EndOfScope,库,库
1519,perl-B-Lint,库,库
1520,perl-Bit-Vector,库,库
1521,perl-CGI,库,库
1522,perl-CPAN,库,库
1523,perl-CPAN-Meta,库,库
1524,perl-CPAN-Meta-Requirements,库,库
1525,perl-CPAN-Meta-YAML,库,库
1526,perl-Capture-Tiny,库,库
1527,perl-Carp,库,库
1528,perl-Carp-Clan,库,库
1529,perl-Class-Data-Inheritable,库,库
1530,perl-Class-Factory-Util,库,库
1531,perl-Class-ISA,库,库
1532,perl-Class-Inspector,库,库
1533,perl-Class-Method-Modifiers,库,库
1534,perl-Class-Singleton,库,库
1535,perl-Class-XSAccessor,库,库
1536,perl-Compress-Bzip2,库,库
1537,perl-Compress-Raw-Bzip2,库,库
1538,perl-Compress-Raw-Zlib,库,库
1539,perl-Config-AutoConf,库,库
1540,perl-Config-Perl-V,库,库
1541,perl-Config-Tiny,库,库
1542,perl-Convert-ASN1,库,库
1543,perl-Crypt-OpenSSL-Bignum,库,库
1544,perl-Crypt-OpenSSL-RSA,库,库
1545,perl-Crypt-OpenSSL-Random,库,库
1546,perl-DBD-MySQL,其它,库
1547,perl-DBD-SQLite,库,库
1548,perl-DBI,库,库
1549,perl-DB_File,库,库
1550,perl-Data-Dump,其它,库
1551,perl-Data-Dumper,库,库
1552,perl-Data-OptList,库,库
1553,perl-Data-Section,库,库
1554,perl-Date-Calc,库,库
1555,perl-Date-ISO8601,库,库
1556,perl-Date-Manip,库,库
1557,perl-DateTime,库,库
1558,perl-DateTime-Format-Builder,库,库
1559,perl-DateTime-Format-HTTP,库,库
1560,perl-DateTime-Format-ISO8601,库,库
1561,perl-DateTime-Format-Mail,库,库
1562,perl-DateTime-Format-Strptime,库,库
1563,perl-DateTime-Locale,库,库
1564,perl-DateTime-TimeZone,库,库
1565,perl-DateTime-TimeZone-SystemV,库,库
1566,perl-DateTime-TimeZone-Tzfile,库,库
1567,perl-Devel-CallChecker,库,库
1568,perl-Devel-Caller,库,库
1569,perl-Devel-GlobalDestruction,库,库
1570,perl-Devel-LexAlias,库,库
1571,perl-Devel-PPPort,库,库
1572,perl-Devel-Size,库,库
1573,perl-Devel-StackTrace,库,库
1574,perl-Devel-Symdump,库,库
1575,perl-Digest,库,库
1576,perl-Digest-HMAC,其它,库
1577,perl-Digest-MD5,库,库
1578,perl-Digest-SHA,库,库
1579,perl-Dist-CheckConflicts,库,库
1580,perl-DynaLoader-Functions,库,库
1581,perl-Encode,库,库
1582,perl-Encode-Detect,库,库
1583,perl-Encode-Locale,其它,库
1584,perl-Env,库,库
1585,perl-Error,库,库
1586,perl-Eval-Closure,库,库
1587,perl-Exception-Class,库,库
1588,perl-Exporter,库,库
1589,perl-Exporter-Tiny,库,库
1590,perl-ExtUtils-CBuilder,库,库
1591,perl-ExtUtils-Install,库,库
1592,perl-ExtUtils-MakeMaker,库,库
1593,perl-ExtUtils-Manifest,库,库
1594,perl-ExtUtils-ParseXS,库,库
1595,perl-Fedora-VSP,库,库
1596,perl-File-BaseDir,库,库
1597,perl-File-CheckTree,库,库
1598,perl-File-DesktopEntry,库,库
1599,perl-File-Fetch,库,库
1600,perl-File-Find-Object,库,库
1601,perl-File-Find-Rule,库,库
1602,perl-File-HomeDir,库,库
1603,perl-File-Listing,其它,库
1604,perl-File-MimeInfo,库,库
1605,perl-File-Path,库,库
1606,perl-File-ReadBackwards,库,库
1607,perl-File-Remove,库,库
1608,perl-File-ShareDir,库,库
1609,perl-File-Slurp,库,库
1610,perl-File-Temp,库,库
1611,perl-File-Which,库,库
1612,perl-Filter,库,库
1613,perl-Filter-Simple,库,库
1614,perl-GSSAPI,库,库
1615,perl-Getopt-Long,库,库
1616,perl-HTML-Parser,其它,库
1617,perl-HTML-Tagset,其它,库
1618,perl-HTML-Tree,库,库
1619,perl-HTTP-Cookies,其它,库
1620,perl-HTTP-Date,其它,库
1621,perl-HTTP-Message,其它,库
1622,perl-HTTP-Negotiate,其它,库
1623,perl-HTTP-Tiny,库,库
1624,perl-IO-All,库,库
1625,perl-IO-Compress,库,库
1626,perl-IO-HTML,其它,库
1627,perl-IO-Multiplex,库,库
1628,perl-IO-Socket-INET6,库,库
1629,perl-IO-Socket-IP,库,库
1630,perl-IO-Socket-SSL,其它,库
1631,perl-IO-String,库,库
1632,perl-IO-Tty,库,库
1633,perl-IO-stringy,库,库
1634,perl-IPC-Cmd,库,库
1635,perl-IPC-Run,库,库
1636,perl-IPC-SysV,库,库
1637,perl-IPC-System-Simple,库,库
1638,perl-Importer,库,库
1639,perl-JSON,库,库
1640,perl-JSON-PP,库,库
1641,perl-JSON-XS,库,库
1642,perl-LDAP,库,库
1643,perl-LWP-MediaTypes,其它,库
1644,perl-List-MoreUtils,库,库
1645,perl-List-MoreUtils-XS,库,库
1646,perl-Locale-Codes,库,库
1647,perl-Locale-Maketext,库,库
1648,perl-MIME-Base64,库,库
1649,perl-MIME-Charset,库,库
1650,perl-MRO-Compat,库,库
1651,perl-Mail-DKIM,库,库
1652,perl-Mail-SPF,库,库
1653,perl-Mail-Sender,库,库
1654,perl-MailTools,库,库
1655,perl-Math-BigInt,库,库
1656,perl-Math-BigInt-FastCalc,库,库
1657,perl-Math-BigRat,库,库
1658,perl-Module-Build,库,库
1659,perl-Module-CoreList,库,库
1660,perl-Module-Implementation,库,库
1661,perl-Module-Install,库,库
1662,perl-Module-Install-AuthorTests,库,库
1663,perl-Module-Install-ReadmeFromPod,库,库
1664,perl-Module-Load,库,库
1665,perl-Module-Load-Conditional,库,库
1666,perl-Module-Metadata,库,库
1667,perl-Module-Pluggable,库,库
1668,perl-Module-ScanDeps,库,库
1669,perl-Mozilla-LDAP,库,库
1670,perl-NTLM,其它,库
1671,perl-Net-DNS,库,库
1672,perl-Net-HTTP,其它,库
1673,perl-Net-SMTP-SSL,库,库
1674,perl-Net-SSLeay,其它,库
1675,perl-Net-Server,库,库
1676,perl-NetAddr-IP,库,库
1677,perl-Number-Compare,库,库
1678,perl-Package-DeprecationManager,库,库
1679,perl-Package-Generator,库,库
1680,perl-Package-Stash,库,库
1681,perl-Package-Stash-XS,库,库
1682,perl-PadWalker,库,库
1683,perl-Params-Check,库,库
1684,perl-Params-Classify,库,库
1685,perl-Params-Util,库,库
1686,perl-Params-Validate,库,库
1687,perl-Params-ValidationCompiler,库,库
1688,perl-Parse-Yapp,库,库
1689,perl-Path-Tiny,库,库
1690,perl-PathTools,工具,库
1691,perl-Perl-OSType,库,库
1692,perl-PerlIO-via-QuotedPrint,库,库
1693,perl-Pod-Checker,库,库
1694,perl-Pod-Coverage,库,库
1695,perl-Pod-Escapes,库,库
1696,perl-Pod-LaTeX,库,库
1697,perl-Pod-Markdown,库,库
1698,perl-Pod-Parser,库,库
1699,perl-Pod-Perldoc,库,库
1700,perl-Pod-Plainer,库,库
1701,perl-Pod-Simple,库,库
1702,perl-Pod-Usage,库,库
1703,perl-Ref-Util,库,库
1704,perl-Ref-Util-XS,库,库
1705,perl-Role-Tiny,库,库
1706,perl-SGMLSpm,库,库
1707,perl-SNMP_Session,库,库
1708,perl-SUPER,库,库
1709,perl-Scalar-List-Utils,库,库
1710,perl-Scope-Guard,库,库
1711,perl-Socket,库,库
1712,perl-Socket6,库,库
1713,perl-Software-License,库,库
1714,perl-Specio,库,库
1715,perl-Storable,库,库
1716,perl-String-CRC32,库,库
1717,perl-Sub-Exporter,库,库
1718,perl-Sub-Exporter-Progressive,库,库
1719,perl-Sub-Identify,库,库
1720,perl-Sub-Info,库,库
1721,perl-Sub-Install,库,库
1722,perl-Sub-Name,库,库
1723,perl-Sub-Uplevel,库,库
1724,perl-Sys-CPU,库,库
1725,perl-Sys-MemInfo,库,库
1726,perl-Sys-Syslog,库,库
1727,perl-Term-ANSIColor,库,库
1728,perl-Term-Cap,库,库
1729,perl-Term-Size-Any,库,库
1730,perl-Term-Size-Perl,库,库
1731,perl-Term-Table,库,库
1732,perl-TermReadKey,库,库
1733,perl-Test-Exception,库,库
1734,perl-Test-Harness,库,库
1735,perl-Test-Pod-Coverage,库,库
1736,perl-Test-Simple,库,库
1737,perl-Test-Warn,库,库
1738,perl-Test2-Suite,库,库
1739,perl-Text-Balanced,库,库
1740,perl-Text-CharWidth,库,库
1741,perl-Text-Diff,库,库
1742,perl-Text-Glob,库,库
1743,perl-Text-ParseWords,库,库
1744,perl-Text-Soundex,库,库
1745,perl-Text-Tabs+Wrap,库,库
1746,perl-Text-Template,库,库
1747,perl-Text-Unidecode,库,库
1748,perl-Text-WrapI18N,库,库
1749,perl-Thread-Queue,库,库
1750,perl-Time-HiRes,库,库
1751,perl-Time-Local,库,库
1752,perl-TimeDate,其它,库
1753,perl-Tk,库,库
1754,perl-Try-Tiny,其它,库
1755,perl-Types-Serialiser,库,库
1756,perl-URI,库,库
1757,perl-Unicode-Collate,库,库
1758,perl-Unicode-EastAsianWidth,库,库
1759,perl-Unicode-LineBreak,库,库
1760,perl-Unicode-Normalize,库,库
1761,perl-Unicode-UTF8,库,库
1762,perl-Unix-Syslog,库,库
1763,perl-Variable-Magic,库,库
1764,perl-WWW-RobotRules,其它,库
1765,perl-XML-Catalog,库,库
1766,perl-XML-DOM,库,库
1767,perl-XML-LibXML,库,库
1768,perl-XML-LibXML-PrettyPrint,库,库
1769,perl-XML-NamespaceSupport,库,库
1770,perl-XML-Parser,库,库
1771,perl-XML-RegExp,库,库
1772,perl-XML-SAX,库,库
1773,perl-XML-SAX-Base,库,库
1774,perl-XML-Simple,库,库
1775,perl-XML-TokeParser,库,库
1776,perl-XML-Twig,库,库
1777,perl-XML-XPath,库,库
1778,perl-YAML,其它,库
1779,perl-YAML-Tiny,库,库
1780,perl-autodie,库,库
1781,perl-bignum,库,库
1782,perl-common-sense,库,库
1783,perl-constant,库,库
1784,perl-experimental,库,库
1785,perl-generators,库,库
1786,perl-gettext,工具,库
1787,perl-inc-latest,库,库
1788,perl-libintl-perl,库,库
1789,perl-libnet,库,库
1790,perl-libwww-perl,其它,库
1791,perl-libxml-perl,库,库
1792,perl-local-lib,库,库
1793,perl-namespace-autoclean,库,库
1794,perl-namespace-clean,库,库
1795,perl-parent,库,库
1796,perl-perlfaq,库,库
1797,perl-podlators,库,库
1798,perl-srpm-macros,库,库
1799,perl-threads,库,库
1800,perl-threads-shared,库,库
1801,perl-version,库,库
1802,perltidy,库,库
1803,pesign,工具,库
1804,phonon,库,库
1805,pidgin,库,库
1806,pidgin-sipe,库,库
1807,pigz,工具,库
1808,pinentry,工具,库
1809,pinfo,工具,库
1810,pipewire,服务,库
1811,pipewire0.2,服务,库
1812,pixman,库,库
1813,pkgconf,库,库
1814,plasma-breeze,其它,库
1815,plotutils,工具,库
1816,plymouth,服务,工具
1817,pmdk,库,库
1818,pmix,库,库
1819,po4a,工具,库
1820,policycoreutils,库,库
1821,polkit,服务,库
1822,polkit-pkla-compat,库,库
1823,polkit-qt-1,库,库
1824,poppler,工具,库
1825,poppler-data,库,库
1826,popt,库,库
1827,portreserve,工具,工具
1828,postfix,工具,库
1829,postgresql-jdbc,其它,库
1830,postgresql-odbc,其它,库
1831,potrace,工具,工具
1832,powertop,工具,库
1833,ppp,服务,库
1834,prefixdevname,工具,工具
1835,procmail,工具,工具
1836,procps-ng,工具,工具
1837,prometheus-jmx-exporter,库,库
1838,protobuf,库,库
1839,protobuf-c,库,库
1840,ps_mem,工具,库
1841,psacct,工具,工具
1842,psmisc,工具,库
1843,pstoedit,工具,库
1844,publicsuffix-list,库,库
1845,pugixml,库,库
1846,pulseaudio,服务,库
1847,pyOpenSSL,库,库
1848,pyatspi,库,库
1849,pycairo,库,库
1850,pygobject3,库,库
1851,pykickstart,工具,库
1852,pyodbc,库,库
1853,pyparsing,库,库
1854,pyparted,库,库
1855,pyserial,库,库
1856,pytest,库,库
1857,python-argcomplete,库,工具
1858,python-argh,库,库
1859,python-asn1crypto,库,库
1860,python-attrs,库,库
1861,python-augeas,库,库
1862,python-blivet,库,库
1863,python-boto3,库,库
1864,python-botocore,库,库
1865,python-cffi,库,库
1866,python-chardet,库,库
1867,python-click,库,库
1868,python-configobj,库,库
1869,python-configshell,库,库
1870,python-coverage,库,库
1871,python-cpio,库,库
1872,python-cryptography,库,库
1873,python-cups,库,库
1874,python-dasbus,库,库
1875,python-dateutil,库,库
1876,python-dbus-client-gen,库,库
1877,python-dbus-python-client-gen,库,库
1878,python-dbus-signature-pyparsing,库,库
1879,python-decorator,库,库
1880,python-dmidecode,库,库
1881,python-dns,库,库
1882,python-enchant,库,库
1883,python-ethtool,库,库
1884,python-evdev,库,库
1885,python-fasteners,库,库
1886,python-flask,库,库
1887,python-gevent,库,库
1888,python-gflags,库,库
1889,python-greenlet,库,库
1890,python-gssapi,库,库
1891,python-html5lib,库,库
1892,python-httplib2,库,库
1893,python-humanize,库,库
1894,python-hwdata,库,库
1895,python-idna,库,库
1896,python-imagesize,库,库
1897,python-iniparse,库,库
1898,python-inotify,库,库
1899,python-into-dbus-python,库,库
1900,python-itsdangerous,库,库
1901,python-jinja2,库,库
1902,python-jmespath,库,库
1903,python-jsonpatch,库,库
1904,python-jsonpointer,库,库
1905,python-jsonschema,库,库
1906,python-justbases,库,库
1907,python-justbytes,库,库
1908,python-jwt,库,库
1909,python-kmod,库,库
1910,python-ldap,库,库
1911,python-linux-procfs,库,库
1912,python-lxml,库,库
1913,python-mako,库,库
1914,python-markupsafe,库,库
1915,python-meh,库,库
1916,python-mock,库,库
1917,python-netaddr,库,库
1918,python-netifaces,库,库
1919,python-networkx,库,库
1920,python-ntplib,库,库
1921,python-oauth2client,库,库
1922,python-oauthlib,库,库
1923,python-ordered-set,库,库
1924,python-packaging,库,库
1925,python-pexpect,库,库
1926,python-pid,库,库
1927,python-pillow,库,库
1928,python-pip,工具,工具
1929,python-pluggy,工具,库
1930,python-ply,库,库
1931,python-prettytable,库,库
1932,python-productmd,库,库
1933,python-psutil,库,库
1934,python-psycopg2,库,库
1935,python-ptyprocess,库,库
1936,python-py,库,库
1937,python-pyasn1,库,库
1938,python-pycparser,库,库
1939,python-pycurl,库,库
1940,python-pydbus,库,库
1941,python-pyghmi,库,库
1942,python-pysocks,库,库
1943,python-pytoml,库,库
1944,python-pyudev,库,库
1945,python-qt5,库,库
1946,python-reportlab,库,库
1947,python-requests,库,库
1948,python-requests-file,库,库
1949,python-requests-ftp,库,库
1950,python-requests-oauthlib,库,库
1951,python-resolvelib,库,库
1952,python-rpm-macros,库,库
1953,python-rpmfluff,库,库
1954,python-rtslib,库,库
1955,python-s3transfer,库,库
1956,python-schedutils,库,库
1957,python-semantic_version,库,库
1958,python-setuptools,工具,库
1959,python-simpleline,库,库
1960,python-six,其它,库
1961,python-slip,库,库
1962,python-snowballstemmer,库,库
1963,python-sphinx,库,库
1964,python-sphinx-theme-alabaster,库,库
1965,python-sphinx_rtd_theme,库,库
1966,python-sphinxcontrib-websupport,库,库
1967,python-suds,库,库
1968,python-sushy,库,库
1969,python-systemd,库,库
1970,python-uritemplate,库,库
1971,python-urllib3,库,库
1972,python-urwid,库,库
1973,python-varlink,库,库
1974,python-webencodings,库,库
1975,python-werkzeug,库,库
1976,python-whoosh,库,库
1977,python2,其它,库
1978,python2-pip,其它,库
1979,python2-setuptools,其它,库
1980,python3,工具,库
1981,python3-azure-sdk,库,库
1982,python36,其它,库
1983,python38,其它,库
1984,python3x-six,其它,库
1985,pytz,库,库
1986,pywbem,库,库
1987,pyxdg,库,库
1988,qatengine,库,库
1989,qatlib,库,库
1990,qatzip,库,库
1991,qemu-kvm,服务,库
1992,qgnomeplatform,库,库
1993,qpdf,库,库
1994,qt5,工具,库
1995,qt5-qt3d,库,库
1996,qt5-qtbase,库,库
1997,qt5-qtcanvas3d,库,库
1998,qt5-qtconnectivity,库,库
1999,qt5-qtdeclarative,库,库
2000,qt5-qtgraphicaleffects,库,库
2001,qt5-qtimageformats,库,库
2002,qt5-qtlocation,库,库
2003,qt5-qtmultimedia,库,库
2004,qt5-qtquickcontrols,库,库
2005,qt5-qtquickcontrols2,库,库
2006,qt5-qtscript,库,库
2007,qt5-qtsensors,库,库
2008,qt5-qtserialbus,库,库
2009,qt5-qtserialport,库,库
2010,qt5-qtsvg,库,库
2011,qt5-qttools,库,库
2012,qt5-qtvirtualkeyboard,库,库
2013,qt5-qtwayland,库,库
2014,qt5-qtwebchannel,库,库
2015,qt5-qtwebengine,库,库
2016,qt5-qtwebsockets,库,库
2017,qt5-qtx11extras,库,库
2018,qt5-qtxmlpatterns,库,库
2019,qtchooser,工具,库
2020,quota,工具,工具
2021,raptor2,工具,库
2022,rarian,工具,库
2023,rasdaemon,服务,库
2024,rasqal,库,库
2025,rdma-core,工具,工具
2026,readline,工具,库
2027,realmd,工具,库
2028,rear,工具,库
2029,redfish-finder,工具,库
2030,redhat-lsb,工具,工具
2031,redhat-menus,工具,库
2032,redhat-rpm-config,工具,库
2033,redhat-support-lib-python,库,库
2034,redhat-support-tool,工具,库
2035,redland,库,库
2036,resource-agents,服务,库
2037,rest,库,库
2038,rhythmbox,工具,库
2039,rig,工具,库
2040,rng-tools,工具,工具
2041,rootfiles,服务,工具
2042,rpcbind,库,工具
2043,rpm,工具,库
2044,rpm-ostree,库,库
2045,rpmdevtools,工具,工具
2046,rpmlint,工具,工具
2047,rrdtool,工具,库
2048,rsync,工具,工具
2049,rsyslog,服务,库
2050,rtkit,服务,库
2051,rubberband,库,库
2052,ruby,其它,库
2053,rust-srpm-macros,库,库
2054,saab-fonts,其它,库
2055,sac,库,库
2056,samba,服务,工具
2057,sane-backends,工具,库
2058,sane-frontends,工具,库
2059,sanlock,库,库
2060,satyr,库,库
2061,sbc,库,库
2062,sbd,库,库
2063,sblim-cmpi-base,库,库
2064,sblim-gather,库,库
2065,sblim-indication_helper,库,库
2066,sblim-sfcCommon,库,库
2067,sblim-sfcb,库,库
2068,sblim-sfcc,库,库
2069,sblim-wbemcli,库,库
2070,scap-security-guide,工具,工具
2071,scap-workbench,工具,库
2072,scipy,其它,库
2073,scl-utils,工具,库
2074,scrub,工具,库
2075,seahorse,工具,库
2076,sed,工具,工具
2077,selinux-policy,工具,库
2078,sendmail,工具,工具
2079,setools,工具,库
2080,setroubleshoot,工具,库
2081,setroubleshoot-plugins,工具,库
2082,setserial,工具,工具
2083,setup,服务,工具
2084,sg3_utils,工具,工具
2085,sgml-common,工具,库
2086,sgpio,工具,工具
2087,shadow-utils,工具,工具
2088,shared-mime-info,库,库
2089,shim,服务,工具
2090,sip,工具,库
2091,skkdic,库,库
2092,slang,工具,工具
2093,smartmontools,工具,工具
2094,smc-tools,工具,库
2095,snappy,库,库
2096,sombok,工具,库
2097,sos,工具,库
2098,sos-collector,工具,工具
2099,sound-theme-freedesktop,库,库
2100,soundtouch,工具,库
2101,source-highlight,库,库
2102,soxr,库,库
2103,spamassassin,库,库
2104,speech-dispatcher,库,库
2105,speex,库,库
2106,speexdsp,库,库
2107,spice,库,库
2108,spice-gtk,库,库
2109,spice-streaming-agent,服务,库
2110,spice-vdagent,库,库
2111,spirv-tools,工具,库
2112,splix,库,库
2113,sqlite,工具,库
2114,squashfs-tools,工具,库
2115,srt,工具,库
2116,sscg,工具,工具
2117,sshpass,工具,工具
2118,sssd,服务,工具
2119,star,工具,工具
2120,startdde,其它,库
2121,startup-notification,库,库
2122,strace,工具,工具
2123,stratis-cli,工具,库
2124,stratisd,服务,工具
2125,stress-ng,工具,库
2126,stunnel,库,工具
2127,subversion,其它,工具
2128,sudo,工具,工具
2129,suitesparse,库,库
2130,sushi,工具,库
2131,switcheroo-control,服务,库
2132,symlinks,工具,工具
2133,sysfsutils,工具,库
2134,syslinux,库,工具
2135,sysstat,工具,工具
2136,system-config-printer,工具,工具
2137,system-lsb,服务,工具
2138,system-storage-manager,工具,工具
2139,systemd,服务,库
2140,systemtap,工具,库
2141,taglib,库,库
2142,tagsoup,库,库
2143,tang,服务,库
2144,tar,工具,工具
2145,targetcli,工具,库
2146,tbb,库,库
2147,tboot,工具,库
2148,tcl,工具,库
2149,teckit,库,库
2150,tesseract,工具,库
2151,tesseract-tessdata,库,库
2152,tex-fonts-hebrew,库,库
2153,texi2html,工具,库
2154,texinfo,工具,工具
2155,texlive,工具,库
2156,thermald,服务,库
2157,thunderbird,工具,库
2158,tigervnc,工具,库
2159,time,工具,工具
2160,timedatex,服务,库
2161,tinycdb,库,库
2162,tix,工具,库
2163,tk,工具,库
2164,tlog,工具,工具
2165,tmpwatch,工具,工具
2166,tmux,工具,库
2167,tog-pegasus,库,库
2168,tokyocabinet,库,库
2169,torque,库,库
2170,totem,工具,库
2171,totem-pl-parser,库,库
2172,tpm-quote-tools,工具,库
2173,tpm-tools,工具,工具
2174,tpm2-abrmd,服务,库
2175,tpm2-abrmd-selinux,库,库
2176,tpm2-tools,工具,库
2177,tpm2-tss,库,库
2178,trace-cmd,工具,库
2179,tracer,工具,库
2180,traceroute,工具,工具
2181,tracker,工具,库
2182,tracker-miners,工具,库
2183,tree,工具,工具
2184,trousers,库,库
2185,tss2,库,库
2186,ttmkfdir,工具,库
2187,tuna,工具,库
2188,tuned,库,库
2189,twolame,库,库
2190,tzdata,服务,库
2191,uchardet,库,库
2192,ucs-miscfixed-fonts,其它,库
2193,ucx,库,库
2194,udisks2,工具,库
2195,udisks2-qt5,库,库
2196,uglify-js,库,库
2197,unbound,工具,库
2198,unicode-ucd,服务,库
2199,units,工具,库
2200,unixODBC,其它,库
2201,unrar,工具,库
2202,unzip,工具,工具
2203,upower,服务,库
2204,urlview,工具,库
2205,urw-base35-fonts,其它,其它
2206,usb_modeswitch,库,库
2207,usb_modeswitch-data,库,库
2208,usbguard,服务,库
2209,usbmuxd,服务,库
2210,usbredir,库,库
2211,usbutils,工具,库
2212,usermode,工具,库
2213,userspace-rcu,工具,库
2214,util-linux,工具,工具
2215,v4l-utils,库,库
2216,valgrind,工具,工具
2217,vamp-plugin-sdk,库,库
2218,vapoursynth,库,库
2219,vdo,工具,库
2220,vhostmd,工具,库
2221,vid.stab,库,库
2222,vim,工具,工具
2223,vinagre,工具,库
2224,vino,工具,库
2225,virt-manager,工具,工具
2226,virt-p2v,工具,库
2227,virt-top,工具,库
2228,virt-viewer,工具,库
2229,virt-what,工具,工具
2230,vmaf,库,库
2231,vo-amrwbenc,库,库
2232,volume_key,工具,库
2233,vorbis-tools,工具,库
2234,vte291,库,库
2235,vulkan-loader,库,库
2236,vulkan-tools,库,库
2237,vulkan-validation-layers,库,库
2238,watchdog,服务,工具
2239,wavpack,库,库
2240,wayland,服务,库
2241,web-assets,库,库
2242,webkit2gtk3,库,库
2243,webrtc-audio-processing,库,库
2244,wget,工具,库
2245,which,工具,工具
2246,wireshark,工具,库
2247,woff2,库,库
2248,words,工具,工具
2249,wpa_supplicant,工具,工具
2250,wsmancli,工具,库
2251,x264,库,库
2252,x265,库,库
2253,x3270,工具,库
2254,xapian-core,库,库
2255,xcb-util,工具,库
2256,xcb-util-cursor,库,库
2257,xcb-util-image,库,库
2258,xcb-util-keysyms,库,库
2259,xcb-util-renderutil,库,库
2260,xcb-util-wm,库,库
2261,xdelta,工具,工具
2262,xdg-desktop-portal,库,库
2263,xdg-desktop-portal-gtk,库,库
2264,xdg-user-dirs,库,库
2265,xdg-user-dirs-gtk,库,库
2266,xdg-utils,工具,库
2267,xerces-c,库,库
2268,xfsdump,工具,库
2269,xfsprogs,库,工具
2270,xkeyboard-config,库,库
2271,xmlrpc-c,库,库
2272,xmlsec1,库,库
2273,xmlto,工具,工具
2274,xorg-x11-drivers,库,库
2275,xorg-x11-drv-ati,服务,库
2276,xorg-x11-drv-dummy,服务,库
2277,xorg-x11-drv-evdev,服务,库
2278,xorg-x11-drv-fbdev,服务,库
2279,xorg-x11-drv-intel,服务,库
2280,xorg-x11-drv-libinput,服务,库
2281,xorg-x11-drv-nouveau,库,库
2282,xorg-x11-drv-qxl,服务,库
2283,xorg-x11-drv-v4l,服务,库
2284,xorg-x11-drv-vesa,服务,库
2285,xorg-x11-drv-vmware,服务,库
2286,xorg-x11-drv-wacom,服务,库
2287,xorg-x11-font-utils,服务,库
2288,xorg-x11-fonts,其它,库
2289,xorg-x11-server,服务,工具
2290,xorg-x11-server-Xwayland,服务,库
2291,xorg-x11-server-utils,工具,库
2292,xorg-x11-util-macros,服务,库
2293,xorg-x11-utils,工具,库
2294,xorg-x11-xauth,服务,库
2295,xorg-x11-xbitmaps,服务,库
2296,xorg-x11-xinit,服务,库
2297,xorg-x11-xkb-utils,工具,库
2298,xrestop,工具,库
2299,xsane,库,库
2300,xsettingsd,服务,库
2301,xterm,工具,库
2302,xvidcore,库,库
2303,xz,工具,工具
2304,yajl,库,库
2305,yasm,工具,库
2306,yelp,库,库
2307,yelp-tools,工具,工具
2308,yelp-xsl,工具,库
2309,yp-tools,工具,工具
2310,ypbind,服务,工具
2311,ypserv,服务,库
2312,zaf,工具,库
2313,zenity,工具,库
2314,zeromq3,库,库
2315,zimg,库,库
2316,zip,工具,工具
2317,zlib,库,库
2318,zsh,工具,工具
2319,zssh,工具,库
2320,zstd,工具,库
2321,zvbi,工具,库
2322,zziplib,库,库
