pkg_name,desc_keyword,pagerank,in_degree,out_degree,label
acl,"[('utility', '1.0120436277663654'), ('need', '1.0120436277663654'), ('setfacl', '0.8995894517555412'), ('manipulate', '0.8995894517555412'), ('getfacl', '0.7901584707653591')]",0.000479233,0,3,system_tool
audit-libs,"[('need', '1.6659671603825494'), ('contain', '1.0973101236555483'), ('library', '1.0162893730003877'), ('utility', '0.9884621440921622'), ('package', '0.9866937311608447')]",0.000479233,11,2,unknown
autoconf,"[('package', '3.0775741279297635'), ('autoconf', '2.401143224288149'), ('need', '2.0522571313181337'), ('create', '1.5082617765935458'), ('configure', '1.4093125100305954')]",0.000479233,0,2,unknown
automake,"[('package', '2.9987543938041723'), ('autoconf', '2.282498820351472'), ('need', '2.023345025441457'), ('software', '1.4817321709050641'), ('create', '1.4356906886858787')]",0.000479233,0,1,unknown
basesystem,"[('package', '3.838966345751955'), ('autoconf', '2.3457670121895515'), ('need', '2.0730527601386837'), ('software', '1.523050737038711'), ('system', '1.4791988065891408')]",0.000479233,0,0,basic_kernel
bash,"[('package', '3.8685043677815574'), ('autoconf', '2.380825672627437'), ('need', '2.0789788202600175'), ('shell', '1.9874597773386784'), ('script', '1.7644635036381018')]",0.000479233,72,3,system_tool
bind-export-libs,"[('package', '4.092832260610602'), ('autoconf', '2.3605926784488833'), ('need', '2.024022618621342'), ('shell', '1.982440461683563'), ('system', '1.9475505962428052')]",0.000479233,1,5,unknown
binutils,"[('package', '3.9871727732056983'), ('file', '3.0286960520380948'), ('autoconf', '2.29038766838116'), ('create', '2.1398201118686933'), ('archive', '1.9610598594091109')]",0.000479233,1,7,kernel_tool
bzip2-libs,"[('package', '4.001784154319528'), ('file', '3.0293295305981567'), ('autoconf', '2.2943183863053345'), ('create', '2.141915340282026'), ('archive', '1.9617404256264113')]",0.000479233,13,1,unknown
ca-certificates,"[('package', '4.310832018132287'), ('file', '3.029160353298302'), ('autoconf', '2.294715700031875'), ('create', '2.142025485084377'), ('archive', '1.9615632787437483')]",0.000479233,3,5,system_tool
centos-gpg-keys,"[('package', '4.6489035500361355'), ('file', '3.059188046249013'), ('autoconf', '2.3274633607818562'), ('create', '2.1709748466447074'), ('archive', '1.9821380172221401')]",0.000479233,1,0,unknown
centos-linux-release,"[('package', '4.639847943687105'), ('file', '3.4522727969041185'), ('autoconf', '2.3286945723181676'), ('create', '2.1737314049427994'), ('archive', '1.9962610837577994')]",0.001232827,3,1,unknown
centos-linux-repos,"[('package', '4.871749393787764'), ('file', '3.7078378474456217'), ('autoconf', '2.3202963220918216'), ('create', '2.1668640572836115'), ('archive', '1.991352107856997')]",0.000886581,1,2,unknown
chkconfig,"[('package', '4.8026540195194185'), ('file', '3.7074371775214305'), ('system', '3.3218746033025135'), ('autoconf', '2.3108256693001734'), ('create', '2.15755812832672')]",0.000479233,4,4,system_tool
conmon,"[('package', '4.802623906732162'), ('file', '3.707413872926615'), ('system', '3.321855154422649'), ('autoconf', '2.3108107977635943'), ('create', '2.1575439993242225')]",0.000479233,1,4,unknown
containernetworking-plugins,"[('package', '4.7004589432133965'), ('file', '3.654522351676448'), ('system', '3.25458586075829'), ('autoconf', '2.288579175670242'), ('library', '2.1536191750421705')]",0.000479233,1,1,unknown
containers-common,"[('package', '4.870304356874059'), ('file', '4.57311682732214'), ('system', '3.238717686521025'), ('container', '2.697723162351691'), ('autoconf', '2.2519663089112933')]",0.000479233,1,2,unknown
coreutils-single,"[('package', '5.272110242104958'), ('file', '4.5751179569245'), ('system', '3.241956577670724'), ('container', '2.6983541774619204'), ('autoconf', '2.253631393029842')]",0.000479233,7,5,unknown
cpio,"[('file', '6.479514632377934'), ('package', '5.274157163752688'), ('archive', '4.119944890886592'), ('system', '3.225523953028443'), ('binary', '2.7308410472951')]",0.000479233,1,1,app_tool
cpp,"[('file', '7.5049544968660555'), ('package', '5.170600496411346'), ('archive', '4.020161226065624'), ('program', '3.2666080432616993'), ('system', '3.149677370543381')]",0.000479233,0,7,unknown
cracklib,"[('file', '7.488564143520798'), ('package', '5.630488500697896'), ('program', '4.3306367388894556'), ('archive', '4.016319871690982'), ('password', '3.1693410841009557')]",0.000479233,3,4,system_lib
cracklib-dicts,"[('file', '7.4459245933239675'), ('package', '5.6853888590412'), ('program', '4.279158669702791'), ('archive', '3.9912293751699908'), ('system', '3.6417741288920156')]",0.000479233,1,1,unknown
criu,"[('file', '7.398389666305588'), ('package', '5.666367403678424'), ('program', '4.25906010326889'), ('archive', '3.984342290061659'), ('system', '3.6364809140113006')]",0.00129393,1,7,unknown
crypto-policies,"[('file', '7.72086063521751'), ('package', '5.735861609311565'), ('program', '4.2486163218823645'), ('archive', '3.9798640017190268'), ('system', '3.63230508185269')]",0.000479233,4,0,system_tool
crypto-policies-scripts,"[('file', '7.8855026332617'), ('package', '6.647673106665899'), ('program', '4.197857374996925'), ('system', '4.164974217754073'), ('archive', '3.9633284781187728')]",0.000479233,0,3,unknown
cryptsetup-libs,"[('file', '7.894428782130557'), ('package', '6.862496816387017'), ('program', '4.202080339358242'), ('system', '4.1695018558782'), ('archive', '3.965900551602755')]",0.000479233,2,6,unknown
curl,"[('file', '9.377227905649036'), ('package', '6.808004553298422'), ('program', '4.187695397187446'), ('system', '4.154622411920173'), ('archive', '3.925048320358423')]",0.000479233,1,4,system_lib
cyrus-sasl-lib,"[('file', '9.377480400701348'), ('package', '6.990550809404397'), ('program', '4.18830253990937'), ('system', '4.156324352227854'), ('archive', '3.9244623446033384')]",0.000479233,1,5,unknown
dbus,"[('file', '9.379428061415357'), ('package', '6.995499049663095'), ('system', '4.605748014610334'), ('program', '4.189115396855687'), ('archive', '3.924745987321118')]",0.001579073,1,2,kernel_service
dbus-common,"[('file', '9.673193947368858'), ('package', '7.131039238322862'), ('system', '4.683030992893686'), ('program', '4.170071603234762'), ('archive', '3.912093801014831')]",0.000479233,1,0,unknown
dbus-daemon,"[('file', '9.673193947368858'), ('package', '7.131039238322862'), ('system', '4.683030992893686'), ('program', '4.170071603234762'), ('archive', '3.912093801014831')]",0.00129393,1,10,unknown
dbus-libs,"[('file', '9.638956942108418'), ('package', '7.273911471422611'), ('system', '4.662008781595292'), ('program', '4.162385427477485'), ('archive', '3.905580859233954')]",0.000479233,3,2,unknown
dbus-tools,"[('file', '9.632665543955753'), ('package', '7.267739235853381'), ('system', '4.647163193466498'), ('program', '4.160433174811443'), ('archive', '3.904155569233094')]",0.000479233,1,3,unknown
device-mapper,"[('file', '9.630254135418792'), ('package', '7.436910595265159'), ('system', '4.648862150644425'), ('program', '4.159897567084304'), ('contain', '3.9057384159446933')]",0.000479233,2,8,unknown
device-mapper-libs,"[('file', '9.628004381560718'), ('package', '7.613219259652392'), ('system', '4.6463657575807495'), ('contain', '4.181387862275387'), ('program', '4.159023069139087')]",0.000479233,5,5,unknown
dhcp-client,"[('file', '9.582737777914776'), ('package', '7.765625146449866'), ('system', '4.631117115252466'), ('contain', '4.145793414767198'), ('program', '4.1445363818616086')]",0.002108626,1,19,unknown
dhcp-common,"[('file', '9.742674051552447'), ('package', '7.8356817866318'), ('system', '4.626808505776221'), ('program', '4.141798726327174'), ('contain', '4.132744286235769')]",0.000479233,1,0,unknown
dhcp-libs,"[('file', '9.713164917145956'), ('package', '7.767200476778189'), ('system', '4.615033474594918'), ('contain', '4.271003883814486'), ('program', '4.134366628689218')]",0.000479233,1,2,unknown
diffutils,"[('file', '11.480733364140843'), ('package', '7.745252783312351'), ('contain', '4.773665320257916'), ('system', '4.613183388627618'), ('program', '4.123943762533561')]",0.000479233,0,3,app_tool
dnf,"[('file', '11.458377085171616'), ('package', '7.801525680829112'), ('contain', '4.7723891111282875'), ('system', '4.74434225508421'), ('program', '4.101766903799108')]",0.003500739,1,2,unknown
dnf-data,"[('file', '11.513349771273'), ('package', '7.793757290125754'), ('contain', '4.766436356960899'), ('system', '4.74152283931867'), ('program', '4.098935029321894')]",0.000886581,1,1,unknown
dracut,"[('file', '11.50300703751155'), ('package', '8.156090705293865'), ('contain', '5.520583438161395'), ('system', '4.744720329152015'), ('program', '4.096084670366938')]",0.002454872,3,18,kernel_tool
dracut-network,"[('file', '11.452642995272633'), ('package', '8.17348402286754'), ('contain', '5.467114245095706'), ('system', '4.721276567129021'), ('program', '4.079827414997784')]",0.002271565,1,5,unknown
dracut-squash,"[('file', '12.104544400416815'), ('package', '8.312165377351244'), ('contain', '5.430399020648984'), ('system', '4.718016092152124'), ('program', '4.080955593652737')]",0.000886581,1,3,unknown
elfutils-debuginfod-client,"[('file', '12.112964793941483'), ('package', '8.501457753994956'), ('contain', '5.434926353796747'), ('system', '4.688148723331025'), ('library', '4.377431857990583')]",0.000479233,0,4,unknown
elfutils-default-yama-scope,"[('file', '12.094546924591436'), ('package', '8.484219426913741'), ('contain', '5.424416223468159'), ('program', '4.685265783768362'), ('system', '4.656907317161406')]",0.000479233,1,0,unknown
elfutils-libelf,"[('file', '12.912958617158193'), ('package', '9.3366856400495'), ('contain', '5.411576584535818'), ('program', '5.366152418921967'), ('system', '4.6491274112897445')]",0.000479233,11,2,unknown
elfutils-libs,"[('file', '12.885655586934952'), ('package', '9.763824268253233'), ('program', '5.683551335259969'), ('contain', '5.403916057797226'), ('library', '5.016806411891015')]",0.000886581,5,7,unknown
emacs-filesystem,"[('file', '12.878872640565577'), ('package', '10.027429408414825'), ('program', '5.682334865950369'), ('contain', '5.403337063866837'), ('library', '5.015683575228021')]",0.000479233,0,0,unknown
ethtool,"[('file', '12.840529731047349'), ('package', '10.005722439451738'), ('program', '5.645943220164137'), ('contain', '5.380671050280498'), ('library', '5.007547391390866')]",0.000479233,1,2,app_tool
expat,"[('file', '12.841145185903171'), ('package', '10.003520080262216'), ('program', '5.64473687262965'), ('library', '5.421710578041937'), ('contain', '5.3860469212913875')]",0.000479233,6,1,system_lib
file,"[('file', '13.241450145772298'), ('package', '10.149880894548755'), ('library', '5.884789592813292'), ('program', '5.5683776647085725'), ('contain', '5.530321001567909')]",0.000479233,1,3,system_tool
file-libs,"[('file', '13.246159380959591'), ('package', '10.156973029305437'), ('library', '5.897155711175132'), ('program', '5.571162073701903'), ('contain', '5.537560855438233')]",0.000479233,4,2,unknown
filesystem,"[('file', '13.162738825811093'), ('package', '10.215368721912602'), ('contain', '5.875977349937998'), ('library', '5.863974772993574'), ('program', '5.543219466845838')]",0.000479233,4,0,basic_kernel
findutils,"[('file', '14.163529392451574'), ('package', '10.339351272597419'), ('system', '5.88647486586504'), ('program', '5.865875143568737'), ('contain', '5.80842540514751')]",0.000479233,3,4,system_tool
fuse-common,"[('file', '14.307560707032586'), ('package', '10.34898659544984'), ('system', '5.8900214537312605'), ('program', '5.869795480893843'), ('contain', '5.816659455188639')]",0.000479233,1,0,unknown
fuse-overlayfs,"[('file', '14.268451964353899'), ('package', '10.344999693238437'), ('system', '5.8907799582297455'), ('program', '5.868025726314561'), ('contain', '5.812586274704454')]",0.001640176,1,5,unknown
fuse3,"[('file', '14.190650403632773'), ('package', '10.341983308558838'), ('program', '6.150903685283085'), ('contain', '5.913719005329533'), ('system', '5.862617071730925')]",0.000886581,1,2,unknown
fuse3-libs,"[('file', '14.190272775153435'), ('package', '10.341850010538323'), ('program', '6.151197073170147'), ('contain', '5.912885446968077'), ('system', '5.862342758661691')]",0.000479233,1,1,unknown
gawk,"[('file', '14.059388216532371'), ('package', '10.47253479077158'), ('program', '6.105965513530528'), ('contain', '6.073173694825321'), ('system', '5.822206612926661')]",0.000886581,2,6,system_tool
gcc,"[('file', '14.001546875922925'), ('package', '10.624775266617782'), ('contain', '6.11837299718194'), ('program', '6.075131548217735'), ('system', '5.786210562038491')]",0.000886581,0,9,kernel_tool
gdbm,"[('file', '13.890445649608841'), ('package', '10.529160832779718'), ('program', '6.23952568691003'), ('library', '6.159496736491079'), ('contain', '6.072985919110394')]",0.000479233,1,4,system_lib
gdbm-libs,"[('file', '13.883678351376554'), ('package', '10.519549087416754'), ('library', '6.234656550852533'), ('program', '6.233106304657013'), ('contain', '6.067284459571396')]",0.000479233,3,1,unknown
geolite2-city,"[('file', '13.891174953110461'), ('package', '10.529187814732715'), ('library', '6.244263037726219'), ('program', '6.241693797420471'), ('contain', '6.0726886482562294')]",0.000479233,0,0,unknown
geolite2-country,"[('file', '13.891174953110461'), ('package', '10.529187814732715'), ('library', '6.244263037726219'), ('program', '6.241693797420471'), ('contain', '6.0726886482562294')]",0.000479233,0,0,unknown
gettext,"[('file', '13.921471592904215'), ('package', '10.582704971963368'), ('program', '7.604326246275265'), ('library', '7.13056778791355'), ('contain', '5.9512232504032205')]",0.000886581,2,11,system_tool
gettext-libs,"[('file', '13.926127192000148'), ('package', '10.676766751482042'), ('program', '7.60728269883866'), ('library', '7.223164733755989'), ('contain', '6.0434224028853825')]",0.000479233,1,9,unknown
glib2,"[('file', '13.868567767906136'), ('package', '10.599294682904087'), ('library', '7.703553580013209'), ('program', '7.582429473542544'), ('contain', '6.017377142459566')]",0.000479233,15,9,system_lib
glibc,"[('file', '13.72842227578415'), ('package', '10.856610069891037'), ('library', '8.197095593911067'), ('program', '8.022520207466588'), ('system', '6.727446478187586')]",0.000479233,233,1,kernel_lib
glibc-common,"[('file', '13.709315764598596'), ('package', '10.993303414559211'), ('library', '8.616639339706271'), ('program', '8.01087916484917'), ('system', '6.716426579626693')]",0.000886581,3,4,unknown
glibc-devel,"[('file', '14.204929505366664'), ('package', '11.129434990168068'), ('library', '8.926827254349579'), ('program', '8.325350126663011'), ('system', '6.7418497564921065')]",0.000479233,0,3,unknown
glibc-headers,"[('file', '14.196587515325227'), ('package', '11.221805018348148'), ('library', '9.029167184848374'), ('program', '8.421529635708112'), ('system', '6.783912948575784')]",0.000479233,0,1,unknown
glibc-langpack-en,"[('file', '14.106150528765053'), ('package', '11.29554517930672'), ('library', '8.968479980451992'), ('program', '8.372261699015688'), ('system', '6.73504168786815')]",0.000479233,0,2,unknown
glibc-minimal-langpack,"[('file', '14.16936887203648'), ('package', '12.087572845455771'), ('library', '9.015366600568651'), ('program', '8.414433539378072'), ('system', '7.036274898441704')]",0.000479233,0,2,unknown
gmp,"[('file', '14.127524061256812'), ('package', '12.273352505940196'), ('library', '9.359285619266219'), ('program', '8.397932455623367'), ('system', '7.01050406046218')]",0.000479233,9,1,system_lib
gnupg2,"[('file', '14.03538832328688'), ('package', '12.357446859827308'), ('library', '9.31222647477139'), ('program', '8.34782381315585'), ('system', '6.962952690863803')]",0.002047524,3,14,system_tool
gnupg2-smime,"[('file', '14.026148260025916'), ('package', '12.807261987761288'), ('library', '9.306163911955768'), ('program', '8.343764987413316'), ('system', '6.9593681425388985')]",0.000479233,0,7,unknown
gnutls,"[('file', '13.949497476413809'), ('package', '12.71731302108798'), ('library', '9.670086425799633'), ('program', '8.667713225473918'), ('system', '6.9162850328215555')]",0.000886581,4,9,system_lib
gpgme,"[('file', '13.910569967630662'), ('package', '12.649100525337996'), ('library', '9.983220836907323'), ('program', '8.643108138938832'), ('system', '6.8858263951205325')]",0.000479233,6,4,system_lib
gpm-libs,"[('file', '13.899168744565165'), ('package', '12.71790034945826'), ('library', '10.117761119282246'), ('program', '8.635652082809704'), ('system', '7.0826975466922795')]",0.000479233,1,1,unknown
grep,"[('file', '13.804315073547327'), ('package', '12.647613569963989'), ('library', '10.082757584555473'), ('program', '8.603330361051297'), ('contain', '7.343069851191164')]",0.000479233,6,4,system_tool
groff-base,"[('file', '13.770783754679268'), ('package', '12.83588814103693'), ('library', '10.060415767128744'), ('program', '8.566480684956701'), ('system', '7.6776445232326465')]",0.000479233,0,5,unknown
grub2-common,"[('file', '13.772654180000544'), ('package', '12.838052689639646'), ('library', '10.060214411789516'), ('program', '8.565995884712642'), ('system', '7.680820015788973')]",0.000479233,2,1,unknown
grub2-tools,"[('file', '14.372698348833742'), ('package', '12.898685268541596'), ('library', '10.093366072169424'), ('program', '8.596083387573'), ('system', '8.241217971883922')]",0.00129393,1,10,unknown
grub2-tools-minimal,"[('file', '14.372698348833742'), ('package', '12.898685268541596'), ('library', '10.093366072169424'), ('program', '8.596083387573'), ('system', '8.241217971883922')]",0.000479233,1,6,unknown
grubby,"[('file', '14.757499095907642'), ('package', '13.004746588033047'), ('library', '10.069522166616984'), ('program', '8.515987896919508'), ('system', '8.217269429853733')]",0.001986422,0,7,kernel_tool
gzip,"[('file', '15.071137669788012'), ('package', '13.187470254000623'), ('library', '10.045212045431176'), ('program', '8.844720154568385'), ('system', '8.465307753823339')]",0.000479233,2,4,app_tool
hardlink,"[('file', '15.02433648146711'), ('package', '13.440834596229159'), ('library', '10.032104571249647'), ('program', '8.834268201771804'), ('system', '8.436241417419984')]",0.000479233,0,2,app_tool
hostname,"[('file', '15.000758942212602'), ('package', '13.54697107090557'), ('library', '10.020952406230203'), ('program', '8.824403988926717'), ('system', '8.568167937580156')]",0.000479233,0,2,app_tool
hwdata,"[('file', '14.975597901890291'), ('package', '13.543128061154247'), ('library', '10.01698449704923'), ('program', '8.82012113846344'), ('system', '8.543432683492654')]",0.000479233,1,0,system_tool
ima-evm-utils,"[('file', '15.670230092154403'), ('package', '13.517286491742809'), ('library', '10.00941701575636'), ('system', '9.547474790976938'), ('program', '8.812255977678644')]",0.000886581,2,4,system_tool
info,"[('file', '15.993074099284133'), ('package', '13.854551613234275'), ('library', '10.013993016432822'), ('system', '9.55257267712268'), ('program', '9.210362796037307')]",0.000479233,20,4,unknown
ipcalc,"[('file', '15.946188945174324'), ('package', '13.817318048310721'), ('library', '9.980189952940083'), ('system', '9.527614834886316'), ('program', '9.190709880672355')]",0.000479233,1,1,unknown
iproute,"[('file', '15.916068624789299'), ('package', '13.997651877069138'), ('library', '9.958188472600927'), ('system', '9.49809052918047'), ('program', '9.175786719771542')]",0.000886581,2,7,app_tool
iptables,"[('file', '15.883681939000244'), ('package', '14.336658147093981'), ('library', '9.94825062882558'), ('system', '9.483907265318766'), ('program', '9.12509754142506')]",0.000886581,1,8,system_tool
iptables-libs,"[('file', '15.89602785566906'), ('package', '14.355729442547087'), ('library', '10.589329702991687'), ('system', '9.493758097479393'), ('program', '9.1344547555774')]",0.000479233,2,2,unknown
iputils,"[('file', '15.850742949654546'), ('package', '14.471118908636003'), ('library', '10.553082643432681'), ('system', '9.449878370029504'), ('program', '9.108969853313814')]",0.000479233,2,6,system_tool
isl,"[('file', '15.817215947187464'), ('package', '14.44868683813774'), ('library', '10.827943709607261'), ('system', '9.439469007265586'), ('program', '9.102143213425238')]",0.000479233,0,2,unknown
jansson,"[('file', '15.805018446875057'), ('package', '14.443413247709053'), ('library', '11.04610781653017'), ('system', '9.435230555958773'), ('program', '9.09909335477454')]",0.000479233,1,1,app_lib
json-c,"[('file', '15.770991595399048'), ('package', '14.418626104524147'), ('library', '11.008673591867728'), ('system', '9.419634787916099'), ('program', '9.074581213768115')]",0.000479233,4,1,system_lib
kbd,"[('file', '16.04801801029301'), ('package', '14.42368058882543'), ('library', '11.0135170816331'), ('system', '9.657447595009863'), ('program', '9.07892832364604')]",0.00129393,0,5,app_tool
kbd-legacy,"[('file', '16.037848879005548'), ('package', '14.654535738172218'), ('library', '10.997282142221383'), ('system', '9.650628397371126'), ('program', '9.076965256760802')]",0.000479233,1,0,unknown
kbd-misc,"[('file', '15.991313018610354'), ('package', '14.824831033234465'), ('library', '10.977459148105869'), ('system', '9.61830734010129'), ('contain', '9.219901282588523')]",0.000479233,1,0,unknown
kernel-headers,"[('file', '16.24153172376598'), ('package', '14.799920012851585'), ('library', '11.026289987861684'), ('system', '9.56977869211906'), ('program', '9.334446585384903')]",0.000479233,0,0,unknown
kexec-tools,"[('file', '16.212001543982005'), ('package', '14.904019647861249'), ('library', '10.99063634936662'), ('system', '9.53739890056882'), ('contain', '9.332226364300134')]",0.003978355,0,16,kernel_tool
keyutils-libs,"[('file', '16.182692458152584'), ('package', '14.998508794519262'), ('library', '11.156559954662045'), ('system', '9.707673038494793'), ('contain', '9.314203918991259')]",0.000479233,2,1,unknown
kmod,"[('file', '16.152730615226368'), ('package', '15.049891088335402'), ('library', '11.131825881692343'), ('program', '9.75777186270943'), ('system', '9.674710473152823')]",0.000479233,4,6,kernel_tool
kmod-libs,"[('file', '16.128019655812956'), ('package', '15.222995142529482'), ('library', '11.310181439315212'), ('system', '9.787007231942773'), ('program', '9.738931499047313')]",0.000479233,4,5,unknown
kpartx,"[('file', '16.128211219759823'), ('package', '15.216118304871301'), ('library', '11.301611145950819'), ('system', '9.785600719987926'), ('program', '9.738519882541873')]",0.000479233,0,3,unknown
krb5-libs,"[('file', '16.078301708170248'), ('package', '15.335664666055722'), ('library', '11.425653856963955'), ('system', '9.964900363710296'), ('program', '9.728861333127748')]",0.000886581,5,12,unknown
langpacks-en,"[('file', '16.09579657712153'), ('package', '15.662483018552935'), ('library', '11.439963304083442'), ('system', '9.976408856331558'), ('program', '9.74177219024913')]",0.000479233,0,0,unknown
less,"[('file', '17.010231021756965'), ('package', '15.627433253718593'), ('library', '11.438709209062292'), ('system', '9.971322852284432'), ('program', '9.702446549896825')]",0.000479233,0,3,app_tool
libacl,"[('file', '16.98529534051194'), ('package', '15.621701120213922'), ('library', '11.622005777277503'), ('system', '9.949051418135348'), ('program', '9.68501606714327')]",0.000479233,15,2,unknown
libarchive,"[('file', '16.86299404743282'), ('package', '15.489964743667473'), ('library', '11.735832701027714'), ('system', '9.880867018362332'), ('program', '9.800841792455445')]",0.000479233,1,9,system_lib
libassuan,"[('file', '16.861327622491597'), ('package', '15.55577119708155'), ('library', '11.730471094436815'), ('system', '9.87944507394286'), ('program', '9.799655278596122')]",0.000479233,5,2,system_lib
libattr,"[('file', '16.816120736462064'), ('package', '15.62028387968241'), ('library', '11.925841533037943'), ('system', '9.84194783967175'), ('program', '9.791719316507955')]",0.000479233,4,1,unknown
libblkid,"[('file', '16.81073974912076'), ('package', '15.616216110658506'), ('library', '12.292989244648282'), ('system', '9.837445864856265'), ('program', '9.789155183662432')]",0.000479233,6,2,unknown
libbpf,"[('file', '16.79508058829779'), ('package', '15.737999977567648'), ('library', '12.297342090122298'), ('system', '9.82661910859234'), ('program', '9.788711857923712')]",0.000479233,1,3,system_lib
libcap,"[('file', '16.797136022063828'), ('package', '15.74160262838636'), ('library', '12.566721137805475'), ('system', '9.828705319632533'), ('program', '9.791200804367245')]",0.000479233,12,1,system_lib
libcap-ng,"[('file', '16.797652619859242'), ('package', '15.742198984235914'), ('library', '12.805923382309551'), ('system', '9.830698792485988'), ('program', '9.792355344773725')]",0.000479233,4,1,system_lib
libcom_err,"[('file', '16.875208713770537'), ('package', '15.821674265259235'), ('library', '13.148804127127532'), ('system', '9.882980591197663'), ('program', '9.83895467752665')]",0.000479233,6,1,unknown
libcomps,"[('file', '17.40524126625619'), ('package', '15.82653946917527'), ('library', '13.568062135936154'), ('system', '9.8837025641912'), ('program', '9.843417745696717')]",0.000479233,1,4,system_lib
libcroco,"[('file', '17.405094345104335'), ('package', '15.830986430352423'), ('library', '13.858284966815331'), ('system', '9.88597802873378'), ('program', '9.84599523791685')]",0.000479233,2,3,system_lib
libcurl-minimal,"[('file', '17.364071242999525'), ('package', '16.463884195969833'), ('library', '13.839467165010012'), ('system', '9.857817411138676'), ('program', '9.82574228569975')]",0.000886581,3,6,unknown
libdb,"[('file', '17.319636748438494'), ('package', '16.430589844736712'), ('library', '13.771225639590803'), ('system', '9.961803313274709'), ('program', '9.792633185226094')]",0.000479233,9,2,system_lib
libdb-utils,"[('file', '17.319636748438494'), ('package', '16.430589844736712'), ('library', '13.771225639590803'), ('system', '9.961803313274709'), ('program', '9.792633185226094')]",0.000479233,1,3,unknown
libdnf,"[('file', '17.32961346934807'), ('package', '16.444273344304943'), ('library', '14.185790284920357'), ('system', '9.97293727589086'), ('program', '9.800104268654403')]",0.000479233,2,14,unknown
libevent,"[('file', '17.774908045955666'), ('package', '16.344627273112852'), ('library', '14.073240504732397'), ('system', '9.86450481187302'), ('program', '9.73377898536741')]",0.000479233,2,2,app_lib
libfdisk,"[('file', '17.777471774036965'), ('package', '16.34773938550011'), ('library', '14.153847130665284'), ('program', '9.903551280080286'), ('system', '9.865654093600932')]",0.000479233,1,3,unknown
libffi,"[('file', '17.307531833320837'), ('package', '15.988280265154836'), ('library', '14.318400471483903'), ('program', '10.269035192816197'), ('system', '9.658083366471372')]",0.000479233,3,1,system_lib
libgcc,"[('file', '17.30989893367408'), ('package', '15.989169756135766'), ('library', '14.319107856477249'), ('program', '10.27298300170032'), ('system', '9.658514331047312')]",0.000479233,29,0,unknown
libgcrypt,"[('file', '17.31572076989254'), ('package', '15.99807897893242'), ('library', '14.924771572057688'), ('program', '10.278550077750754'), ('system', '9.662929807547197')]",0.000479233,5,2,system_lib
libgomp,"[('file', '17.324017243115307'), ('package', '16.00851765807478'), ('library', '15.102645487899302'), ('program', '10.285283702491526'), ('system', '9.668609963566348')]",0.000479233,3,3,unknown
libgpg-error,"[('file', '17.2960246808507'), ('package', '15.987127251188896'), ('library', '15.166101170191565'), ('program', '10.266108189829096'), ('system', '9.64538183261053')]",0.000479233,14,1,system_lib
libibverbs,"[('file', '17.268217964437152'), ('package', '15.967967428827592'), ('library', '15.409756039387934'), ('program', '10.257409520691507'), ('system', '9.622845012417894')]",0.001821446,1,4,unknown
libidn2,"[('file', '17.26541181772732'), ('package', '15.946110308152429'), ('library', '15.632573756714226'), ('program', '10.247430365391228'), ('system', '9.620254742866617')]",0.000479233,3,2,system_lib
libkcapi,"[('file', '17.210763383085023'), ('library', '16.02715326098493'), ('package', '15.866657925893486'), ('program', '10.202972518009439'), ('system', '9.582401333679734')]",0.000479233,1,2,system_lib
libkcapi-hmaccalc,"[('file', '17.21303502994993'), ('package', '16.169068213047215'), ('library', '16.028748262138418'), ('program', '10.20585451019933'), ('system', '9.584217019155004')]",0.000886581,1,2,unknown
libksba,"[('file', '17.194313699940068'), ('library', '16.381378841067033'), ('package', '16.139585240307238'), ('program', '10.193281071520955'), ('system', '9.574240348336453')]",0.000479233,2,2,system_lib
libmaxminddb,"[('file', '17.20033248597276'), ('library', '16.48198513558665'), ('package', '16.240583267365682'), ('program', '10.197682538952604'), ('system', '9.578172344818983')]",0.000479233,0,1,unknown
libmetalink,"[('file', '17.333803795914804'), ('library', '16.68243632130869'), ('package', '16.242596233300155'), ('program', '10.389258177232705'), ('system', '9.578975589821583')]",0.000479233,0,2,system_lib
libmnl,"[('file', '17.34145083098535'), ('library', '17.137210488459097'), ('package', '16.256775714468688'), ('program', '10.399103424162664'), ('system', '9.590729369237918')]",0.000479233,6,1,app_lib
libmodulemd,"[('file', '17.559380763146702'), ('library', '17.342751702796594'), ('package', '16.26345072160973'), ('program', '10.402335954343156'), ('system', '9.593152813938762')]",0.000479233,4,6,unknown
libmodulemd1,"[('file', '17.566992749600093'), ('library', '17.533842610993673'), ('package', '16.271562934557704'), ('program', '10.406320015428234'), ('system', '9.596265087177548')]",0.000479233,0,4,unknown
libmount,"[('library', '17.586617678934246'), ('file', '17.56018518032326'), ('package', '16.26272124783789'), ('program', '10.396735691942252'), ('system', '9.591625950062316')]",0.000479233,5,4,unknown
libmpc,"[('library', '17.779297470711715'), ('file', '17.545591132910726'), ('package', '16.25669541435016'), ('program', '10.397244001938743'), ('system', '9.576233348568143')]",0.000479233,0,3,unknown
libnet,"[('library', '17.670407131701133'), ('file', '17.484238098882393'), ('package', '16.181653189210802'), ('program', '10.320339033713465'), ('system', '9.505144022471208')]",0.000479233,1,1,unknown
libnetfilter_conntrack,"[('library', '17.91148613863718'), ('file', '17.488889800734896'), ('package', '16.18543717307252'), ('program', '10.325354074661842'), ('provide', '9.689158763544048')]",0.000479233,1,3,system_lib
libnfnetlink,"[('library', '18.760850345510384'), ('file', '17.490351750789838'), ('package', '16.189615298491663'), ('program', '10.321380760323214'), ('provide', '9.903656975768534')]",0.000479233,2,1,app_lib
libnftnl,"[('library', '18.87760600301158'), ('file', '17.483506776228815'), ('package', '16.16272511216029'), ('program', '10.316075140522763'), ('provide', '9.89995722224444')]",0.000479233,2,2,system_lib
libnghttp2,"[('library', '19.10269263727441'), ('file', '17.47843803062015'), ('package', '16.158019763470403'), ('program', '10.31489501322072'), ('provide', '9.898953511313461')]",0.000479233,1,1,unknown
libnl3,"[('library', '19.05945013148944'), ('file', '17.450382102944644'), ('package', '16.282937003106962'), ('program', '10.305555136873686'), ('provide', '9.889823169637856')]",0.000479233,3,2,system_lib
libnsl2,"[('library', '19.184190019690462'), ('file', '17.442326314738274'), ('package', '16.35218348820806'), ('program', '10.28809299595246'), ('provide', '9.877601626520667')]",0.000479233,2,2,system_lib
libpcap,"[('library', '19.108454632146433'), ('file', '17.383115354109606'), ('package', '16.287516595725823'), ('provide', '10.476455716336105'), ('program', '10.243319981929021')]",0.002027462,2,2,system_lib
libpkgconf,"[('library', '19.245539986526502'), ('file', '17.383933607422122'), ('package', '16.28870368449691'), ('provide', '10.558050851443033'), ('program', '10.244020282613823')]",0.000479233,0,1,unknown
libpwquality,"[('library', '19.546345034518897'), ('file', '17.35996441971128'), ('package', '16.263290423253373'), ('provide', '10.544427277640997'), ('program', '10.22549069714032')]",0.000886581,1,4,system_lib
librepo,"[('library', '19.62926754194343'), ('file', '17.327811208523165'), ('package', '16.24033114534578'), ('provide', '10.528382123832861'), ('program', '10.217758161792146')]",0.000479233,3,8,unknown
libreport-filesystem,"[('library', '19.63648714965903'), ('file', '17.334038937232563'), ('package', '16.250293452234217'), ('provide', '10.532445247221341'), ('program', '10.225234418619392')]",0.000479233,1,0,unknown
libseccomp,"[('library', '19.658506167243488'), ('file', '17.291727528488224'), ('package', '16.2216166617313'), ('provide', '10.608689533890214'), ('program', '10.192110462507262')]",0.000479233,4,1,system_lib
libsecret,"[('library', '20.008418276322168'), ('file', '17.308022885945494'), ('package', '16.236919618836612'), ('provide', '10.620587459062447'), ('program', '10.203870650594036')]",0.000479233,1,4,app_lib
libselinux,"[('library', '19.875504202745383'), ('file', '17.602477095752263'), ('package', '16.138476881765147'), ('provide', '11.0429961375618'), ('program', '10.14738840646649')]",0.000479233,21,3,system_lib
libsemanage,"[('library', '19.78041203525796'), ('file', '17.534860263239114'), ('package', '16.09690211953718'), ('provide', '11.154714211946661'), ('program', '10.414819912124884')]",0.000479233,1,5,system_lib
libsepol,"[('library', '19.785738381026505'), ('file', '17.539949920751337'), ('package', '16.101018026540995'), ('provide', '11.244109705418696'), ('program', '10.417063959800366')]",0.000479233,5,1,system_lib
libsigsegv,"[('library', '19.926217056793252'), ('file', '17.458402726905632'), ('package', '16.065630907037598'), ('provide', '11.212292942784432'), ('program', '10.782609674000064')]",0.000479233,1,1,system_lib
libslirp,"[('library', '19.907600178193437'), ('file', '17.439599952119124'), ('package', '16.053086145950775'), ('provide', '11.534165274976862'), ('program', '10.774132960756612')]",0.000479233,1,2,unknown
libsmartcols,"[('library', '20.04587062521806'), ('file', '17.418917214436345'), ('package', '16.048621316416316'), ('provide', '11.531083117365146'), ('program', '10.914331505029168')]",0.000479233,4,1,unknown
libsolv,"[('library', '20.047957576600915'), ('file', '17.347954545405816'), ('package', '16.695088167114367'), ('provide', '11.490460462578728'), ('program', '10.856376995767658')]",0.000479233,3,8,unknown
libstdc++,"[('library', '20.184306363158214'), ('file', '17.345803540133048'), ('package', '16.914846105730785'), ('provide', '11.491583697535606'), ('program', '10.858504872652142')]",0.000479233,8,2,unknown
libtasn1,"[('library', '20.43503459029108'), ('file', '17.390945891389272'), ('package', '16.960520882542607'), ('provide', '11.809244913324255'), ('program', '10.889929330770912')]",0.000479233,2,1,system_lib
libtirpc,"[('library', '20.511301689360884'), ('file', '17.346257136211833'), ('package', '17.11565003390029'), ('provide', '11.757430795938152'), ('program', '10.855593039294458')]",0.000479233,3,3,system_lib
libtool,"[('library', '20.777152158302105'), ('file', '17.423161249754145'), ('package', '17.28587082457222'), ('provide', '11.87392921971342'), ('program', '10.965523564100847')]",0.000886581,0,5,kernel_tool
libunistring,"[('library', '20.869057626002668'), ('file', '17.34586907210734'), ('package', '17.258586922722927'), ('provide', '11.857777738563318'), ('program', '10.950982348047845')]",0.000479233,4,2,system_lib
libusbx,"[('library', '21.086711577885378'), ('package', '17.357983576510534'), ('file', '17.24535687245454'), ('provide', '11.920319902553675'), ('program', '10.910422106233282')]",0.000479233,1,2,system_lib
libutempter,"[('library', '21.123053265805197'), ('file', '17.46469499607098'), ('package', '17.34533886271493'), ('provide', '12.017884437698575'), ('program', '10.89485700876199')]",0.000479233,1,1,system_lib
libuuid,"[('library', '21.41409684954616'), ('package', '17.4473488091843'), ('file', '17.445927404125992'), ('provide', '12.004850491664268'), ('program', '10.88160382216461')]",0.000479233,5,1,unknown
libverto,"[('library', '21.726030038353898'), ('package', '17.31739758264444'), ('file', '17.263287371524864'), ('provide', '12.803000144799798'), ('program', '10.756017404637213')]",0.000479233,1,1,system_lib
libxcrypt,"[('library', '22.132093779117668'), ('package', '17.20893143584884'), ('file', '16.985209129694045'), ('provide', '13.836866321071904'), ('program', '11.589449429837845')]",0.000479233,9,1,system_lib
libxcrypt-devel,"[('library', '22.202392996319514'), ('package', '17.28528939398385'), ('file', '17.03848440709444'), ('provide', '13.834005529345395'), ('program', '11.581475945477722')]",0.000479233,0,1,unknown
libxkbcommon,"[('library', '22.497642105248097'), ('package', '17.284777931992057'), ('file', '17.037567072435117'), ('provide', '13.832930642142252'), ('program', '11.579977715244384')]",0.000886581,0,2,system_lib
libxml2,"[('library', '22.573453866476655'), ('package', '17.239881422342126'), ('file', '17.09937679445319'), ('provide', '13.796538781564823'), ('program', '11.523796787968534')]",0.000479233,9,3,system_lib
libyaml,"[('library', '22.543440543659955'), ('package', '17.23195803464783'), ('file', '17.095524228931918'), ('provide', '13.785340813832171'), ('program', '11.521492179651647')]",0.000479233,2,1,system_lib
libzstd,"[('library', '22.698697067086375'), ('package', '17.234814466948944'), ('file', '17.09731407519815'), ('provide', '13.787041501155915'), ('program', '11.522884726697734')]",0.000479233,8,1,unknown
lua-libs,"[('library', '22.698697067086375'), ('package', '17.234814466948944'), ('file', '17.09731407519815'), ('provide', '13.787041501155915'), ('program', '11.522884726697734')]",0.000479233,5,1,unknown
lz4-libs,"[('library', '22.708896732029533'), ('package', '17.35672473010939'), ('file', '17.10414385030313'), ('provide', '13.79259960095269'), ('program', '11.527928849961805')]",0.000479233,4,1,unknown
lzo,"[('library', '23.073634782693343'), ('package', '17.368514551312174'), ('file', '17.121007215980946'), ('provide', '13.807950412926582'), ('program', '11.543567610124233')]",0.000479233,2,1,app_lib
m4,"[('library', '22.988364938570502'), ('file', '17.352210930981627'), ('package', '17.300887751346355'), ('provide', '13.75222511431274'), ('program', '11.804148015601164')]",0.000479233,0,3,unknown
make,"[('library', '22.932324922248807'), ('package', '17.520337712628567'), ('file', '17.433748997982043'), ('provide', '13.922642817177582'), ('program', '12.145992592627522')]",0.000479233,0,3,unknown
memstrack,"[('library', '22.949475963047178'), ('package', '17.530870378142698'), ('file', '17.44491954404577'), ('provide', '13.931182839848367'), ('program', '12.159648968939672')]",0.000479233,0,2,app_tool
mpfr,"[('library', '23.32942691357717'), ('package', '17.545360962517915'), ('file', '17.442380114435217'), ('provide', '13.937920721203175'), ('program', '12.168942997769085')]",0.000479233,4,2,system_lib
ncurses,"[('library', '24.153493647639774'), ('package', '17.59225070929047'), ('file', '17.48009795379174'), ('provide', '13.970871340426516'), ('program', '12.199704117992345')]",0.000479233,0,2,system_lib
ncurses-base,"[('library', '24.134751684154676'), ('package', '17.777371498046936'), ('file', '17.47048797290995'), ('provide', '13.962212990661751'), ('program', '12.191008754042821')]",0.000479233,1,0,unknown
ncurses-c++-libs,"[('library', '24.16840707738726'), ('package', '17.92617663768885'), ('file', '17.471055071513845'), ('provide', '13.962806519101402'), ('program', '12.190124931112646')]",0.000479233,0,4,unknown
ncurses-devel,"[('library', '24.120658418117554'), ('package', '18.005435577963688'), ('file', '17.51590598939836'), ('provide', '13.94793289081299'), ('program', '12.17339534746682')]",0.000479233,0,2,unknown
ncurses-libs,"[('library', '24.120658418117554'), ('package', '18.005435577963688'), ('file', '17.51590598939836'), ('provide', '13.94793289081299'), ('program', '12.17339534746682')]",0.000886581,18,2,unknown
nettle,"[('library', '24.296548273911487'), ('package', '17.958514789850128'), ('file', '17.45528735027471'), ('provide', '13.905543450133822'), ('program', '12.144112610226635')]",0.000479233,1,4,system_lib
nftables,"[('library', '24.27902869714799'), ('package', '17.962206871631327'), ('file', '17.457720549453366'), ('provide', '13.908724209671421'), ('program', '12.146228129490554')]",0.000886581,2,8,system_tool
npth,"[('library', '24.416100838398304'), ('package', '17.94659061946992'), ('file', '17.449939109417347'), ('provide', '13.900489364802853'), ('program', '12.13698636909156')]",0.000479233,1,1,system_lib
openldap,"[('library', '24.49313219528869'), ('package', '17.946112616380994'), ('file', '17.39680555717552'), ('provide', '13.849510553390907'), ('program', '12.088600470515443')]",0.000886581,1,3,system_tool
openssl,"[('library', '24.41955599734409'), ('package', '17.89747513705552'), ('file', '17.360316849609'), ('provide', '14.132913355118658'), ('program', '12.05653951821663')]",0.000479233,2,5,system_service
openssl-libs,"[('library', '24.49234822139394'), ('package', '17.974023609066432'), ('file', '17.35771664607738'), ('provide', '14.134224110153081'), ('program', '12.056598366879289')]",0.000479233,35,4,unknown
openssl-pkcs11,"[('library', '24.40800166482546'), ('package', '17.876481428091516'), ('file', '17.543027743701124'), ('provide', '14.072612427330402'), ('program', '12.004272665929951')]",0.000479233,0,4,system_tool
os-prober,"[('library', '24.378811543041905'), ('package', '18.041708051240093'), ('file', '17.51554629655381'), ('provide', '14.056923566820343'), ('program', '11.989619105214599')]",0.000479233,1,9,basic_kernel
p11-kit,"[('library', '24.353439646604542'), ('package', '18.009023441163198'), ('file', '17.484207036608723'), ('provide', '14.28288907222234'), ('program', '11.97675960881756')]",0.000479233,3,2,system_lib
p11-kit-trust,"[('library', '24.355157338825123'), ('package', '18.209807883333532'), ('file', '17.486436099034222'), ('provide', '14.283069753699511'), ('program', '11.978448937153107')]",0.000479233,3,5,unknown
pam,"[('library', '24.328497486363947'), ('package', '18.18772438668356'), ('file', '17.463580997326236'), ('provide', '14.265360344339543'), ('program', '12.19027530806468')]",0.001232827,5,10,system_lib
pciutils,"[('library', '24.335705812375654'), ('package', '18.34281611886369'), ('file', '17.46974764615698'), ('provide', '14.270343120491747'), ('program', '12.194737878380195')]",0.00129393,1,5,system_tool
pciutils-libs,"[('library', '24.464350192912114'), ('package', '18.333033645425875'), ('file', '17.46604026802416'), ('provide', '14.266764628658704'), ('program', '12.192039465742724')]",0.000479233,1,1,unknown
pcre,"[('library', '24.85646060733152'), ('package', '18.555017128488082'), ('file', '17.39102022220633'), ('provide', '14.798039787519217'), ('program', '12.135051105888836')]",0.000479233,2,1,system_lib
pcre2,"[('library', '25.19001077638693'), ('package', '18.74418008853461'), ('file', '17.370721767738754'), ('provide', '15.080594691698451'), ('program', '12.12279644243865')]",0.000479233,3,1,system_lib
perl-Carp,"[('library', '25.176842936204963'), ('package', '18.73532356167511'), ('file', '17.359811857024567'), ('provide', '15.075891735794814'), ('program', '12.114791273395264')]",0.000479233,0,0,language
perl-Data-Dumper,"[('library', '25.163013180542436'), ('package', '18.71552941130688'), ('file', '17.359627921757703'), ('provide', '15.071568434888801'), ('program', '12.113506865256422')]",0.000479233,0,1,language
perl-Digest,"[('library', '25.120478920869875'), ('package', '18.680747315289356'), ('file', '17.306696916573763'), ('provide', '15.026649334724082'), ('program', '12.070817393393929')]",0.000479233,0,0,language
perl-Digest-MD5,"[('library', '25.05397350512713'), ('package', '18.62694819616205'), ('file', '17.24820515234725'), ('provide', '14.947675648988884'), ('program', '12.256894963585026')]",0.000479233,0,1,language
perl-Encode,"[('library', '25.007409308604966'), ('package', '18.60070069052258'), ('file', '17.223034007722998'), ('provide', '15.100698057545229'), ('program', '12.23080563276409')]",0.000479233,0,1,language
perl-Errno,"[('library', '24.984714442008592'), ('package', '18.582543589688598'), ('file', '17.275087651041076'), ('provide', '15.08981855736944'), ('program', '12.218755343189631')]",0.000479233,0,0,unknown
perl-Exporter,"[('library', '24.902753188295325'), ('package', '18.515153848092254'), ('file', '17.220091553143224'), ('provide', '15.400183736402564'), ('program', '12.175248058148998')]",0.000479233,0,0,language
perl-File-Path,"[('library', '24.888360083359363'), ('package', '18.502873734762165'), ('file', '17.33344510163061'), ('provide', '15.51288353638255'), ('program', '12.168664084397369')]",0.000479233,0,0,language
perl-File-Temp,"[('library', '24.870555111881867'), ('package', '18.498692048351145'), ('file', '17.77561168572626'), ('provide', '15.509473739175423'), ('program', '12.16453269993567')]",0.000479233,0,0,language
perl-Getopt-Long,"[('library', '24.80058144292118'), ('package', '18.443771892800868'), ('file', '17.6974467551574'), ('provide', '15.677457141615779'), ('program', '12.122406120477038')]",0.000479233,0,0,language
perl-HTTP-Tiny,"[('library', '24.780197288413188'), ('package', '18.43015779589097'), ('file', '17.690069191895837'), ('provide', '15.661239831372512'), ('program', '12.118101267837952')]",0.000479233,0,0,language
perl-IO,"[('library', '24.77300366280703'), ('package', '18.423447960341377'), ('file', '17.682799265608217'), ('provide', '15.6530140534324'), ('program', '12.113682928765897')]",0.000479233,0,1,unknown
perl-IO-Socket-IP,"[('library', '24.75629487139439'), ('package', '18.406526981315388'), ('file', '17.660957395350405'), ('provide', '16.09082923602476'), ('program', '12.105055935572603')]",0.000479233,0,0,language
perl-IO-Socket-SSL,"[('library', '24.64766521940491'), ('package', '18.334210940429475'), ('file', '17.615319651093852'), ('provide', '16.038208140238506'), ('program', '12.058562211029688')]",0.000479233,0,1,language
perl-MIME-Base64,"[('library', '24.673483987257057'), ('package', '18.64634150768302'), ('file', '17.633678158068022'), ('provide', '16.051649535781895'), ('program', '12.071142284841493')]",0.000479233,0,1,language
perl-Mozilla-CA,"[('library', '24.682225964580418'), ('package', '18.62243911234146'), ('file', '17.607147429235802'), ('provide', '16.300548516268584'), ('program', '12.059910479512881')]",0.000479233,0,1,language
perl-Net-SSLeay,"[('library', '24.59078768663131'), ('package', '18.828015377151097'), ('file', '17.572891060690072'), ('provide', '16.26707896170805'), ('program', '12.030460574360907')]",0.000479233,0,2,language
perl-PathTools,"[('library', '24.59299460066711'), ('package', '18.830613576954097'), ('file', '17.720044087491495'), ('provide', '16.269749382108827'), ('program', '12.032505179525057')]",0.000479233,0,1,language
perl-Pod-Escapes,"[('library', '24.57650221444774'), ('package', '18.819286038280307'), ('file', '17.706983224017197'), ('provide', '16.489772930680964'), ('program', '12.024052548704427')]",0.000479233,0,0,language
perl-Pod-Perldoc,"[('library', '24.66966207890833'), ('package', '18.790978149914825'), ('file', '17.684005635568262'), ('provide', '16.4728823729749'), ('program', '12.011228020889858')]",0.000479233,0,0,language
perl-Pod-Simple,"[('library', '24.76116013538298'), ('package', '18.775154902089422'), ('file', '17.668351198773752'), ('provide', '16.459453117544232'), ('program', '11.99998320829729')]",0.000479233,0,0,language
perl-Pod-Usage,"[('library', '24.716304324093027'), ('package', '18.742898048134048'), ('file', '17.629828167641293'), ('provide', '16.417696558333034'), ('program', '11.97800817864499')]",0.000479233,0,0,language
perl-Scalar-List-Utils,"[('library', '24.652050938957473'), ('package', '18.877522242292738'), ('file', '17.588313406369476'), ('provide', '16.37536297760406'), ('program', '11.947914666478157')]",0.000479233,0,1,language
perl-Socket,"[('library', '24.56836895694566'), ('package', '18.81863516099365'), ('file', '17.523335340359'), ('provide', '16.744667687880277'), ('program', '11.90223116888762')]",0.000479233,0,1,language
perl-Storable,"[('library', '24.563214741735898'), ('package', '19.088566942295714'), ('file', '17.51677055565344'), ('provide', '16.73547242081028'), ('program', '11.897462065173816')]",0.000479233,0,1,language
perl-Term-ANSIColor,"[('library', '24.576214620585144'), ('package', '19.098916137728672'), ('file', '17.52778811445269'), ('provide', '16.749372339917976'), ('program', '11.904760294060253')]",0.000479233,0,0,language
perl-Term-Cap,"[('library', '24.548090841546653'), ('package', '19.08176004162707'), ('file', '17.505474547738423'), ('provide', '16.732294256704584'), ('program', '11.891613565544983')]",0.000479233,0,0,language
perl-Text-ParseWords,"[('library', '24.527446449700776'), ('package', '19.063000983892454'), ('file', '17.498875616223433'), ('provide', '16.715937330105564'), ('program', '11.884121746099593')]",0.000479233,0,0,language
perl-Text-Tabs+Wrap,"[('library', '24.518834667492538'), ('package', '19.06050187016797'), ('file', '17.499451527032488'), ('provide', '16.711785510789568'), ('program', '11.880383039098641')]",0.000479233,0,0,language
perl-Thread-Queue,"[('library', '24.525804409822086'), ('package', '19.066085119107676'), ('file', '17.504859352844303'), ('provide', '16.922833914045885'), ('program', '11.88441149340072')]",0.000479233,0,0,unknown
perl-Time-Local,"[('library', '24.512513230170878'), ('package', '19.057364433174435'), ('file', '17.49070903717959'), ('provide', '17.04925454572789'), ('system', '11.876488639672978')]",0.000479233,0,0,language
perl-URI,"[('library', '24.50362109193296'), ('package', '19.053758229048935'), ('file', '17.485574996294517'), ('provide', '17.049019216849842'), ('program', '11.873150624473602')]",0.000479233,0,0,language
perl-Unicode-Normalize,"[('library', '24.45696045264946'), ('package', '19.128751361941525'), ('file', '17.433398473436576'), ('provide', '17.073547629903537'), ('program', '11.854475724102203')]",0.000479233,0,1,language
perl-constant,"[('library', '24.383296267178125'), ('package', '19.078744339283073'), ('file', '17.368549295966144'), ('provide', '17.01932099218536'), ('program', '11.962771182257654')]",0.000479233,0,0,language
perl-interpreter,"[('library', '24.35468458634728'), ('package', '19.635693135653174'), ('file', '17.40057821195364'), ('provide', '16.946726461068195'), ('program', '11.95315896146077')]",0.000479233,0,3,unknown
perl-libnet,"[('library', '24.32635422493575'), ('package', '19.619465139353288'), ('file', '17.38821991160302'), ('provide', '16.91318524698394'), ('program', '11.944315326082588')]",0.000479233,0,0,language
perl-libs,"[('library', '24.408645816672827'), ('package', '19.606098486391332'), ('file', '17.378598203953114'), ('provide', '16.90205282242293'), ('program', '11.935162678105499')]",0.000479233,0,2,unknown
perl-macros,"[('library', '24.417419766635312'), ('package', '19.78294533763531'), ('file', '17.386800440577417'), ('provide', '16.90923248592799'), ('program', '11.942498088250863')]",0.000479233,0,0,unknown
perl-parent,"[('library', '24.435210023115722'), ('package', '20.14827571856736'), ('file', '17.401035356867546'), ('provide', '16.92230198451339'), ('program', '11.951776484602268')]",0.000479233,0,0,language
perl-podlators,"[('library', '24.379490110698725'), ('package', '20.152594703513806'), ('file', '17.354652097922383'), ('provide', '16.88553304978142'), ('program', '11.923188254706467')]",0.000479233,0,0,language
perl-threads,"[('library', '24.30701123437948'), ('package', '20.103555539896497'), ('file', '17.310121243661285'), ('provide', '16.922480644076593'), ('program', '11.889464745140192')]",0.000479233,0,1,language
perl-threads-shared,"[('library', '24.27232752744444'), ('package', '20.074275373863117'), ('file', '17.279818784609073'), ('provide', '16.890465745922807'), ('program', '11.869629970100661')]",0.000479233,0,1,language
pigz,"[('library', '24.25245982624999'), ('package', '20.053739700473617'), ('file', '17.268747298089757'), ('provide', '16.877349633523544'), ('program', '11.846143386361305')]",0.000479233,0,3,app_tool
pinentry,"[('library', '24.2001671072422'), ('package', '20.082626111874987'), ('file', '17.252895408908003'), ('provide', '16.856656705763964'), ('program', '11.832605760742284')]",0.000886581,0,8,app_tool
pkgconf,"[('library', '24.172360825637558'), ('package', '20.06992501350337'), ('file', '17.518583977962926'), ('provide', '16.831049863350664'), ('program', '11.935834189826336')]",0.000479233,0,1,unknown
pkgconf-m4,"[('library', '24.156973999315802'), ('package', '20.12241866687629'), ('file', '17.510582325411168'), ('provide', '16.819582799963918'), ('program', '11.920817980431458')]",0.000479233,0,0,unknown
pkgconf-pkg-config,"[('library', '24.144341703135584'), ('package', '20.274877261968772'), ('file', '17.48440332956287'), ('provide', '16.970505093406665'), ('system', '12.034618548862086')]",0.000479233,0,1,unknown
platform-python,"[('library', '24.121094802981936'), ('package', '20.451448669547062'), ('file', '17.477991547259386'), ('provide', '16.964568099694475'), ('system', '12.195681319041752')]",0.000479233,11,8,unknown
platform-python-pip,"[('library', '24.112365470068305'), ('package', '20.617104935492993'), ('file', '17.46769596104903'), ('provide', '16.956000488645984'), ('system', '12.286304390585801')]",0.000479233,0,3,unknown
platform-python-setuptools,"[('library', '24.066395268486243'), ('package', '20.78268081534416'), ('file', '17.43699724495401'), ('provide', '16.921963433697314'), ('system', '12.258212352435754')]",0.000479233,2,1,unknown
podman,"[('library', '23.971381468864543'), ('package', '20.700117740847684'), ('file', '17.34087435934122'), ('provide', '17.079451509871856'), ('system', '12.208928786625368')]",0.018053925,1,15,unknown
podman-catatonit,"[('library', '23.962344573953985'), ('package', '20.707570598929994'), ('file', '17.331443140765366'), ('provide', '17.08674593682703'), ('program', '12.402325526130564')]",0.015825069,1,1,unknown
popt,"[('library', '24.165693187240905'), ('package', '20.689850502041295'), ('file', '17.363310499768694'), ('provide', '17.06628059831276'), ('program', '12.368781153901926')]",0.000479233,6,1,system_lib
procps-ng,"[('library', '24.097735584075085'), ('package', '20.67423212283388'), ('file', '17.30574153938895'), ('provide', '17.218834234190382'), ('system', '13.004965470371342')]",0.000479233,1,3,system_tool
protobuf-c,"[('library', '24.279513603592573'), ('package', '20.733126127648795'), ('provide', '17.370548264448928'), ('file', '17.300597683917545'), ('system', '13.004044328853174')]",0.000479233,1,1,unknown
python3-dnf,"[('library', '24.27780725399869'), ('package', '20.731597363252764'), ('provide', '17.36957893899549'), ('file', '17.299755946177086'), ('system', '13.003048032044788')]",0.003554712,1,8,unknown
python3-gpg,"[('library', '24.263307356373346'), ('package', '20.718235522194355'), ('provide', '17.36633347114252'), ('file', '17.296913154180814'), ('system', '13.000975259677137')]",0.000479233,1,4,unknown
python3-hawkey,"[('library', '24.363458409354177'), ('package', '20.72640916721796'), ('provide', '17.37015107132119'), ('file', '17.300534115313372'), ('system', '13.004476701053976')]",0.000479233,1,18,unknown
python3-libcomps,"[('library', '24.46454515547179'), ('package', '20.731928230878758'), ('provide', '17.371989235064053'), ('file', '17.301357551820743'), ('system', '13.006157317115866')]",0.000886581,1,7,unknown
python3-libdnf,"[('library', '24.5661130533913'), ('package', '20.739118819570574'), ('provide', '17.375711329852386'), ('file', '17.304911038944578'), ('system', '13.009549192942217')]",0.000479233,2,17,unknown
python3-libs,"[('library', '24.720520709371566'), ('package', '20.707741437534537'), ('provide', '17.359309022633884'), ('file', '17.288550954143165'), ('system', '12.99304772128653')]",0.000886581,8,20,unknown
python3-pip-wheel,"[('library', '24.728819790615667'), ('package', '20.71459865214053'), ('provide', '17.360898057106468'), ('file', '17.291505711806803'), ('system', '12.99686931122765')]",0.000479233,2,0,unknown
python3-rpm,"[('library', '24.738080511046814'), ('package', '21.121506516975977'), ('provide', '17.332670195457585'), ('file', '17.26550997619196'), ('system', '12.97359837963496')]",0.000886581,1,21,unknown
python3-setuptools-wheel,"[('library', '24.733968572475998'), ('package', '21.11903911481255'), ('provide', '17.329294181147787'), ('file', '17.264479224289442'), ('system', '12.972150702484802')]",0.000479233,2,0,unknown
python3-unbound,"[('library', '24.737843755233246'), ('package', '21.122467584098217'), ('provide', '17.331849524763342'), ('file', '17.266201573622833'), ('system', '12.974206738971777')]",0.000886581,0,6,unknown
rdma-core,"[('library', '24.728340309833854'), ('package', '21.116095757768342'), ('provide', '17.325392526837792'), ('file', '17.261494621475336'), ('system', '12.97179702159952')]",0.001579073,1,5,kernel_tool
readline,"[('library', '24.86782610656738'), ('package', '21.08865805261514'), ('provide', '17.42265356370799'), ('file', '17.244166512817756'), ('system', '12.923875338931019')]",0.000479233,7,4,system_tool
readline-devel,"[('library', '25.00220152607876'), ('package', '21.192079062069862'), ('provide', '17.40495930430238'), ('file', '17.23903600882826'), ('system', '12.918357637323453')]",0.000479233,0,3,unknown
rootfiles,"[('library', '24.99379069728145'), ('package', '21.25446009666852'), ('file', '17.586542627528598'), ('provide', '17.39778750686125'), ('system', '12.907385722155496')]",0.000479233,0,0,kernel_tool
rpm,"[('library', '24.919681010708818'), ('package', '21.76329195635169'), ('file', '17.739356906589453'), ('provide', '17.352950954189605'), ('system', '13.14610096591559')]",0.001701278,1,20,kernel_tool
rpm-build-libs,"[('library', '25.02427109858891'), ('package', '21.72438928416663'), ('file', '17.732578153746253'), ('provide', '17.34436242029711'), ('system', '13.141164722679163')]",0.000479233,1,19,unknown
rpm-libs,"[('library', '25.02427109858891'), ('package', '21.72438928416663'), ('file', '17.732578153746253'), ('provide', '17.34436242029711'), ('system', '13.141164722679163')]",0.001925319,11,15,unknown
rpm-plugin-systemd-inhibit,"[('library', '25.0414528935638'), ('package', '21.734944342364766'), ('file', '17.740881630977544'), ('provide', '17.357209904184902'), ('system', '13.148828316350272')]",0.000479233,0,16,unknown
runc,"[('library', '25.029696523808745'), ('package', '22.067443820209586'), ('file', '17.72884777645782'), ('provide', '17.351176204214816'), ('system', '13.143945707670008')]",0.001579073,2,3,unknown
sed,"[('library', '25.032727039722896'), ('package', '22.06736799040009'), ('file', '17.72962334482449'), ('provide', '17.343592672667445'), ('system', '13.14354330507962')]",0.000479233,7,5,system_tool
setup,"[('library', '25.005565872359288'), ('package', '22.039182410360493'), ('file', '17.917363998701212'), ('provide', '17.321780653463122'), ('system', '13.325702618740667')]",0.000479233,1,1,basic_kernel
shadow-utils,"[('library', '24.986215331537835'), ('package', '22.096761166880107'), ('file', '18.143383413842702'), ('provide', '17.30918010567494'), ('system', '13.312389095166303')]",0.00129393,0,8,system_tool
shared-mime-info,"[('library', '24.921150101718574'), ('package', '22.032330098778313'), ('file', '18.402873960378738'), ('provide', '17.250177643840036'), ('system', '13.446612573191379')]",0.000479233,0,4,system_service
slirp4netns,"[('library', '24.92680249658612'), ('package', '22.037928078586148'), ('file', '18.40562170640019'), ('provide', '17.25332307311047'), ('system', '13.450131655558582')]",0.000886581,1,4,unknown
snappy,"[('library', '25.362639436406212'), ('package', '22.030584746532053'), ('file', '18.61703195300948'), ('provide', '17.236784743463602'), ('system', '13.439083328688312')]",0.000479233,1,3,app_lib
sqlite-libs,"[('library', '25.44436552664305'), ('package', '22.112058527762116'), ('file', '18.62048138289671'), ('provide', '17.240113689576415'), ('system', '13.442694216009896')]",0.000479233,10,2,unknown
squashfs-tools,"[('library', '25.425416413372464'), ('package', '22.143363279232837'), ('file', '18.598606669705127'), ('provide', '17.220323408300548'), ('system', '13.430337310299839')]",0.000479233,1,6,system_tool
systemd,"[('library', '25.24615287220876'), ('package', '22.164278867990152'), ('file', '18.494226694522222'), ('provide', '17.299549894675167'), ('system', '13.926323092680661')]",0.002228794,11,29,kernel_service
systemd-libs,"[('library', '25.239691621258558'), ('package', '22.159762436769576'), ('file', '18.491071427726215'), ('provide', '17.296395937627295'), ('system', '13.92238539292762')]",0.000479233,13,7,unknown
systemd-pam,"[('library', '25.2374675152673'), ('package', '22.158470719807156'), ('file', '18.47925994595954'), ('provide', '17.29509619153243'), ('system', '13.918824041334265')]",0.000479233,1,6,unknown
systemd-udev,"[('library', '25.216396265787715'), ('package', '22.464939824384302'), ('file', '18.45918626568593'), ('provide', '17.274224876802514'), ('system', '13.903187086357796')]",0.000479233,2,9,unknown
tar,"[('library', '25.10997862715792'), ('package', '22.52805131598731'), ('file', '18.758948499279608'), ('provide', '17.236748931531594'), ('system', '13.875302523613556')]",0.000479233,1,5,unknown
tpm2-tss,"[('library', '25.08155133204041'), ('package', '22.501376661338114'), ('file', '18.7360226115674'), ('provide', '17.35053639411231'), ('system', '14.014509644324196')]",0.000479233,1,2,unknown
trousers,"[('library', '25.017188080894524'), ('package', '22.440377073731774'), ('file', '18.691267850178058'), ('provide', '17.294369411885153'), ('system', '13.959702983636886')]",0.000886581,0,5,system_lib
trousers-lib,"[('library', '25.239015856465187'), ('package', '22.434406789727348'), ('file', '18.68730231179375'), ('provide', '17.288895845063617'), ('system', '13.953162063060665')]",0.000479233,1,2,unknown
tzdata,"[('library', '25.231541696358313'), ('package', '22.43504501701322'), ('file', '18.872702092701466'), ('provide', '17.28914684461643'), ('system', '13.953884964194769')]",0.000479233,1,0,system_tool
unbound-libs,"[('library', '25.276151021514586'), ('package', '22.423610403789887'), ('file', '18.863050427692674'), ('provide', '17.28324296837105'), ('system', '13.948544235299101')]",0.000479233,1,7,unknown
util-linux,"[('library', '25.223202275026857'), ('package', '22.58147029507487'), ('file', '18.83613900053674'), ('provide', '17.254204306965196'), ('system', '14.019153766946603')]",0.00129393,5,15,system_tool
vim-common,"[('library', '25.201395340722314'), ('package', '22.6946702953274'), ('file', '18.944633502631483'), ('provide', '17.255450959712626'), ('system', '14.018104231743287')]",0.000886581,1,3,unknown
vim-enhanced,"[('library', '25.139363400776364'), ('package', '22.87072242579813'), ('file', '18.909234252880143'), ('provide', '17.222840994583805'), ('system', '13.98819804221276')]",0.001640176,0,8,unknown
vim-filesystem,"[('library', '25.141696238980412'), ('package', '22.87242315565578'), ('file', '19.094417352998768'), ('provide', '17.224385096013325'), ('system', '13.989354286481227')]",0.000479233,1,0,unknown
vim-minimal,"[('library', '25.123483870770322'), ('package', '22.978903486288807'), ('file', '19.068677613787674'), ('provide', '17.211808656741052'), ('system', '13.96900247767044')]",0.000479233,0,4,unknown
which,"[('library', '25.11692013889113'), ('package', '22.972196521973096'), ('file', '19.06182125917446'), ('provide', '17.201649988355037'), ('system', '13.965207673903516')]",0.000479233,2,1,app_tool
xkeyboard-config,"[('library', '25.096441962374875'), ('package', '22.992957760568782'), ('file', '19.040517153915204'), ('provide', '17.18692122077145'), ('system', '13.932450042295814')]",0.000479233,1,0,app_tool
xz,"[('library', '25.223459923851664'), ('package', '22.92876557141233'), ('file', '18.995509534781114'), ('provide', '17.451660179388654'), ('system', '13.915100168172666')]",0.000479233,1,4,app_tool
xz-libs,"[('library', '25.202620866090044'), ('package', '22.913040825285492'), ('file', '19.255735942965597'), ('provide', '17.432481439224084'), ('system', '13.904312671325263')]",0.000479233,19,1,unknown
yum,"[('library', '25.202620866090044'), ('package', '22.913040825285492'), ('file', '19.255735942965597'), ('provide', '17.432481439224084'), ('system', '13.904312671325263')]",0.003454861,0,1,unknown
zlib,"[('library', '25.304502629412973'), ('package', '22.9073904863166'), ('file', '19.249925992025588'), ('provide', '17.4279615144004'), ('system', '13.900167677951863')]",0.000479233,36,1,system_lib
zlib-devel,"[('library', '25.395966070679275'), ('package', '22.974506094406177'), ('file', '19.31632207330029'), ('provide', '17.421514976308515'), ('system', '13.894478069351013')]",0.000479233,0,1,unknown
