﻿idx,name,y_true,y_predict
0,389-ds-base,工具,库
1,a52dec,工具,库
2,aajohan-comfortaa-fonts,其它,其它
3,abattis-cantarell-fonts,其它,其它
4,abrt,工具,工具
5,abrt-java-connector,库,工具
6,accel-config,库,其它
7,accountsservice,服务,其它
8,acl,库,库
9,acpica-tools,工具,工具
10,acpid,服务,服务
11,adcli,工具,服务
12,adobe-mappings-cmap,工具,工具
13,adobe-mappings-pdf,工具,库
14,adwaita-icon-theme,工具,服务
15,adwaita-qt,库,库
16,aide,工具,服务
17,alsa-firmware,服务,其它
18,alsa-lib,库,库
19,alsa-plugins,服务,其它
20,alsa-sof-firmware,服务,其它
21,alsa-tools,工具,服务
22,alsa-utils,工具,库
23,amanda,工具,库
24,anaconda,工具,服务
25,anaconda-user-help,工具,其它
26,annobin,工具,工具
27,anolis-indexhtml,服务,其它
28,anolis-logos,服务,服务
29,anolis-rawhide-release,服务,其它
30,anolis-release,服务,其它
31,ansible-collection-microsoft-sql,工具,工具
32,ansible-core,工具,服务
33,ansible-freeipa,工具,工具
34,ansible-pcp,工具,服务
35,ant,工具,库
36,ant-contrib,工具,库
37,antlr,库,库
38,aom,库,库
39,aopalliance,库,库
40,apache-commons-beanutils,库,库
41,apache-commons-cli,库,库
42,apache-commons-codec,库,其它
43,apache-commons-collections,库,库
44,apache-commons-compress,库,其它
45,apache-commons-exec,库,库
46,apache-commons-io,库,库
47,apache-commons-jxpath,库,其它
48,apache-commons-lang,库,其它
49,apache-commons-lang3,库,其它
50,apache-commons-logging,库,其它
51,apache-commons-net,库,库
52,apache-commons-parent,库,工具
53,apache-ivy,库,库
54,apache-parent,库,工具
55,apache-resource-bundles,库,其它
56,apiguardian,库,库
57,appstream-data,库,其它
58,apr,库,库
59,apr-util,工具,服务
60,aqute-bnd,库,库
61,arpwatch,工具,服务
62,asciidoc,工具,工具
63,aspell,工具,工具
64,aspell-en,工具,库
65,assertj-core,库,库
66,at,工具,工具
67,atinject,库,库
68,atk,库,库
69,atkmm,库,库
70,atlas,库,库
71,at-spi2-atk,工具,库
72,at-spi2-core,库,库
73,attr,工具,库
74,audit,工具,服务
75,augeas,库,库
76,authd,服务,服务
77,authselect,工具,工具
78,autoconf,工具,工具
79,autoconf213,工具,工具
80,autoconf-archive,工具,工具
81,autofs,服务,工具
82,autogen,工具,库
83,automake,工具,工具
84,autotrace,工具,工具
85,avahi,服务,服务
86,awscli,工具,库
87,babassl,库,库
88,babel,工具,库
89,babeltrace,库,工具
90,babl,库,库
91,bacula,工具,服务
92,baobab,工具,服务
93,basesystem,服务,库
94,bash,工具,库
95,bash-completion,工具,库
96,batik,库,库
97,bc,工具,工具
98,bcc,工具,工具
99,bcel,库,库
100,bea-stax,库,库
101,beust-jcommander,库,库
102,bind,服务,服务
103,bind9.16,服务,服务
104,bind-dyndb-ldap,服务,服务
105,binutils,工具,工具
106,biosdevname,工具,库
107,bison,工具,工具
108,bitmap-fonts,其它,其它
109,blktrace,工具,工具
110,bluez,工具,工具
111,blur-effect,库,库
112,bogofilter,工具,工具
113,bolt,服务,库
114,boom-boot,工具,库
115,boost,库,库
116,booth,工具,库
117,bpftrace,工具,工具
118,bpg-fonts,其它,其它
119,brasero,工具,服务
120,breeze-icon-theme,工具,工具
121,brltty,工具,其它
122,brotli,库,库
123,bsf,库,库
124,bsh,库,库
125,bubblewrap,库,库
126,buildah,工具,服务
127,byacc,工具,工具
128,byaccj,工具,库
129,byteman,工具,其它
130,byzanz,工具,服务
131,bzip2,工具,工具
132,c2esp,库,工具
133,ca-certificates,工具,服务
134,cachefilesd,服务,服务
135,cairo,库,工具
136,cairomm,库,库
137,cal10n,库,库
138,c-ares,库,库
139,cdi-api,库,库
140,cdparanoia,工具,库
141,cdrdao,工具,库
142,cdrkit,库,库
143,celt051,库,库
144,ceph,其它,库
145,certmonger,服务,服务
146,cgdcbxd,服务,服务
147,cglib,库,库
148,chan,库,库
149,check,工具,工具
150,checkpolicy,工具,工具
151,cheese,工具,库
152,chkconfig,工具,工具
153,chrome-gnome-shell,其它,其它
154,chrony,服务,服务
155,chrpath,工具,库
156,cifs-utils,工具,服务
157,cim-schema,服务,其它
158,cjose,库,库
159,clang,库,工具
160,cldr-emoji-annotation,工具,工具
161,clevis,工具,服务
162,cloud-init,服务,服务
163,cloud-utils-growpart,工具,工具
164,clucene,库,库
165,clufter,工具,工具
166,clutter,工具,库
167,clutter-gst2,库,库
168,clutter-gst3,库,库
169,clutter-gtk,库,库
170,cmake,工具,工具
171,cmocka,库,库
172,cockpit,库,服务
173,cockpit-appstream,库,服务
174,cockpit-composer,库,工具
175,cockpit-podman,库,服务
176,cockpit-session-recording,库,工具
177,codemodel,库,库
178,cogl,库,服务
179,colord,服务,工具
180,colord-gtk,库,工具
181,color-filesystem,库,库
182,compat-exiv2-026,库,库
183,compat-guile18,工具,库
184,compat-libgfortran-48,库,库
185,compat-libtiff3,库,库
186,compat-openssl10,库,工具
187,compiler-rt,工具,库
188,conmon,库,库
189,conntrack-tools,工具,服务
190,containerd,服务,服务
191,container-exception-logger,服务,服务
192,containernetworking-plugins,服务,服务
193,containers-common,服务,库
194,container-selinux,库,工具
195,convmv,工具,库
196,copy-jdk-configs,工具,工具
197,coreos-installer,工具,服务
198,coreutils,工具,库
199,corosync,服务,其它
200,corosync-qdevice,服务,服务
201,cpio,工具,工具
202,cppcheck,工具,库
203,cppunit,库,库
204,cracklib,库,工具
205,crash,工具,工具
206,crash-gcore-command,工具,工具
207,crash-ptdump-command,工具,库
208,crash-trace-command,工具,工具
209,crda,服务,服务
210,createrepo_c,工具,库
211,cri-tools,工具,库
212,criu,库,库
213,cronie,服务,服务
214,crontabs,工具,工具
215,crun,库,库
216,crypto-policies,工具,库
217,cryptsetup,工具,工具
218,cscope,工具,工具
219,ctags,工具,工具
220,culmus-fonts,其它,其它
221,CUnit,库,库
222,cups,服务,服务
223,cups-filters,库,服务
224,cups-pk-helper,库,工具
225,curl,工具,服务
226,custodia,服务,服务
227,cyrus-imapd,服务,服务
228,cyrus-sasl,库,服务
229,Cython,库,库
230,dav1d,工具,库
231,dblatex,工具,其它
232,dbus,其它,其它
233,dbus-c++,库,库
234,dbus-glib,库,库
235,dbusmenu-qt,库,库
236,dbus-python,库,库
237,dbxtool,工具,其它
238,dconf,工具,库
239,dconf-editor,工具,工具
240,dcraw,工具,工具
241,dde,服务,服务
242,dde-account-faces,服务,服务
243,dde-api,服务,服务
244,dde-calendar,服务,服务
245,dde-clipboard,服务,服务
246,dde-control-center,服务,服务
247,dde-daemon,服务,服务
248,dde-device-formatter,服务,服务
249,dde-dock,服务,服务
250,dde-file-manager,服务,服务
251,dde-kwin,服务,服务
252,dde-launcher,服务,服务
253,dde-network-utils,服务,库
254,dde-polkit-agent,服务,服务
255,dde-printer,服务,服务
256,dde-qt5integration,服务,服务
257,dde-qt5platform-plugins,服务,库
258,dde-qt-dbus-factory,服务,库
259,dde-server-industry-config,服务,工具
260,dde-session-shell,服务,服务
261,dde-session-ui,服务,服务
262,deepin-anything,服务,服务
263,deepin-authenticate,服务,服务
264,deepin-boot-maker,服务,服务
265,deepin-calculator,服务,服务
266,deepin-compressor,服务,服务
267,deepin-default-settings,服务,服务
268,deepin-desktop-base,服务,服务
269,deepin-desktop-schemas,服务,服务
270,deepin-devicemanager,服务,服务
271,deepin-diskmanager,服务,服务
272,deepin-editor,服务,服务
273,deepin-fcitxconfigtool-plugin,服务,服务
274,deepin-font-manager,服务,服务
275,deepin-gettext-tools,服务,服务
276,deepin-gtk-theme,服务,服务
277,deepin-icon-theme,服务,服务
278,deepin-image-viewer,服务,服务
279,deepin-log-viewer,服务,服务
280,deepin-manual,服务,服务
281,deepin-menu,服务,服务
282,deepin-network-proxy,服务,工具
283,deepin-picker,服务,服务
284,deepin-pw-check,服务,服务
285,deepin-reader,服务,服务
286,deepin-screen-recorder,服务,服务
287,deepin-shortcut-viewer,服务,服务
288,deepin-sound-theme,服务,服务
289,deepin-system-monitor,服务,服务
290,deepin-terminal,服务,服务
291,deepin-turbo,服务,服务
292,deepin-wallpapers,服务,服务
293,dejagnu,工具,库
294,dejavu-fonts,其它,其它
295,delve,工具,库
296,desktop-file-utils,工具,工具
297,devhelp,工具,服务
298,device-mapper-multipath,工具,服务
299,device-mapper-persistent-data,库,库
300,dhcp,服务,服务
301,dialog,库,服务
302,diffstat,工具,工具
303,diffutils,工具,工具
304,ding-libs,库,库
305,directory-maven-plugin,库,库
306,disomaster,工具,库
307,disruptor,工具,库
308,djvulibre,工具,库
309,dleyna-connector-dbus,库,服务
310,dleyna-core,库,服务
311,dleyna-renderer,库,服务
312,dleyna-server,服务,服务
313,dlm,库,库
314,dmidecode,工具,库
315,dnf,工具,工具
316,dnf-plugin-releasever-adapter,工具,工具
317,dnf-plugins-core,工具,库
318,dnsmasq,服务,库
319,dnssec-trigger,工具,服务
320,docbook2X,工具,工具
321,docbook5-schemas,工具,库
322,docbook-dtds,库,工具
323,docbook-style-dsssl,库,库
324,docbook-style-xsl,库,工具
325,docbook-utils,工具,工具
326,docker,服务,服务
327,dos2unix,工具,库
328,dosfstools,工具,工具
329,dotconf,库,库
330,dotnet,库,库
331,dotnet3.0,库,库
332,dotnet3.1,库,库
333,dotnet5.0,库,库
334,dotnet5.0-build-reference-packages,工具,库
335,dotnet6.0,库,库
336,dotnet-build-reference-packages,库,库
337,dovecot,服务,服务
338,doxygen,工具,其它
339,dpa-ext-gnomekeyring,工具,库
340,dpdk,库,工具
341,dracut,工具,工具
342,Dragonfly,服务,库
343,driverctl,工具,服务
344,dropwatch,工具,服务
345,drpm,库,库
346,dtc,库,库
347,dtkcommon,工具,库
348,dtkcore,工具,服务
349,dtkgui,工具,服务
350,dtkwidget,工具,服务
351,dump,工具,服务
352,dvd+rw-tools,工具,库
353,dwarves,工具,工具
354,dwz,工具,工具
355,dyninst,工具,库
356,e2fsprogs,工具,服务
357,easymock,库,库
358,eclipse,工具,工具
359,eclipse-ecf,工具,库
360,eclipse-emf,工具,工具
361,ed,工具,工具
362,edk2,库,其它
363,ee4j-parent,库,库
364,efibootmgr,工具,工具
365,efi-rpm-macros,库,库
366,efivar,其它,库
367,egl-wayland,库,库
368,elfutils,工具,库
369,elinks,工具,库
370,emacs,工具,工具
371,enca,工具,工具
372,enchant,库,工具
373,enchant2,库,工具
374,enscript,工具,工具
375,eog,工具,工具
376,epel-aliyuncs-release,服务,其它
377,epel-release,服务,其它
378,epel-rpm-macros,服务,工具
379,erofs-utils,工具,服务
380,esc,工具,库
381,espeak-ng,工具,工具
382,ethtool,工具,库
383,eth-tools,工具,库
384,evemu,工具,库
385,evince,工具,库
386,evolution,工具,服务
387,evolution-data-server,工具,服务
388,evolution-ews,工具,工具
389,evolution-mapi,工具,工具
390,exec-maven-plugin,工具,工具
391,execstack,工具,工具
392,exempi,库,库
393,exfat-utils,工具,工具
394,exiv2,工具,库
395,expat,工具,库
396,expect,工具,库
397,f32-backgrounds,工具,服务
398,faad2,库,库
399,fabtests,库,库
400,fapolicyd,服务,工具
401,farstream02,库,服务
402,fcitx,工具,服务
403,fcitx-configtool,工具,服务
404,fcitx-qt5,工具,服务
405,fcoe-utils,工具,服务
406,felix-gogo-command,工具,其它
407,felix-gogo-runtime,库,库
408,felix-gogo-shell,工具,其它
409,felix-osgi-compendium,库,其它
410,felix-osgi-core,库,其它
411,felix-osgi-foundation,库,其它
412,felix-parent,库,工具
413,felix-scr,库,库
414,felix-utils,库,其它
415,fence-agents,服务,服务
416,fence-virt,服务,服务
417,fetchmail,工具,服务
418,ffmpeg,库,其它
419,ffmpegthumbnailer,工具,工具
420,fftw,库,工具
421,fido-device-onboard,工具,服务
422,file,工具,库
423,file-roller,工具,工具
424,filesystem,服务,其它
425,findutils,工具,工具
426,fio,工具,工具
427,fipscheck,库,库
428,firefox,工具,库
429,firewalld,服务,服务
430,flac,库,库
431,flatpak,服务,工具
432,flatpak-builder,工具,库
433,flatpak-xdg-utils,工具,库
434,flex,工具,工具
435,flite,工具,库
436,fltk,库,库
437,flute,库,库
438,fontawesome-fonts,其它,其它
439,fontconfig,工具,库
440,fontforge,工具,工具
441,fontpackages,工具,其它
442,fonts-tweak-tool,工具,工具
443,foomatic,服务,库
444,foomatic-db,服务,工具
445,forge-parent,库,库
446,fpc-srpm-macros,库,库
447,fprintd,服务,服务
448,freeglut,库,库
449,freeimage,库,库
450,freeipmi,工具,服务
451,freeradius,服务,服务
452,freerdp,工具,工具
453,freetype,库,工具
454,frei0r-plugins,库,服务
455,fribidi,库,库
456,frr,工具,服务
457,fstrm,库,库
458,ftp,工具,服务
459,fuse,工具,库
460,fuse-exfat,工具,库
461,fuse-overlayfs,服务,库
462,fusesource-pom,库,库
463,fuse-sshfs,服务,服务
464,fwupd,服务,工具
465,fwupdate,工具,库
466,fxload,工具,服务
467,galera,库,库
468,gamin,库,库
469,gavl,库,库
470,gawk,工具,工具
471,gc,库,库
472,gcab,库,库
473,gcc,工具,库
474,gcc-python-plugin,工具,库
475,gcc-toolset-10,工具,工具
476,gcc-toolset-10-annobin,工具,工具
477,gcc-toolset-10-binutils,工具,工具
478,gcc-toolset-10-dwz,工具,工具
479,gcc-toolset-10-dyninst,工具,工具
480,gcc-toolset-10-elfutils,工具,工具
481,gcc-toolset-10-gcc,工具,工具
482,gcc-toolset-10-gdb,工具,工具
483,gcc-toolset-10-ltrace,工具,库
484,gcc-toolset-10-make,工具,工具
485,gcc-toolset-10-strace,工具,工具
486,gcc-toolset-10-systemtap,工具,工具
487,gcc-toolset-10-valgrind,工具,库
488,gcc-toolset-11,工具,工具
489,gcc-toolset-11-annobin,工具,工具
490,gcc-toolset-11-binutils,工具,工具
491,gcc-toolset-11-dwz,工具,工具
492,gcc-toolset-11-dyninst,工具,工具
493,gcc-toolset-11-elfutils,工具,工具
494,gcc-toolset-11-gcc,工具,工具
495,gcc-toolset-11-gdb,工具,工具
496,gcc-toolset-11-ltrace,工具,库
497,gcc-toolset-11-make,工具,工具
498,gcc-toolset-11-strace,工具,工具
499,gcc-toolset-11-systemtap,工具,工具
500,gcc-toolset-11-valgrind,工具,库
501,gcc-toolset-9,工具,工具
502,gcc-toolset-9-annobin,工具,工具
503,gcc-toolset-9-binutils,工具,工具
504,gcc-toolset-9-dwz,工具,工具
505,gcc-toolset-9-dyninst,工具,库
506,gcc-toolset-9-elfutils,工具,工具
507,gcc-toolset-9-gcc,工具,库
508,gcc-toolset-9-gdb,工具,工具
509,gcc-toolset-9-ltrace,工具,工具
510,gcc-toolset-9-make,工具,工具
511,gcc-toolset-9-strace,工具,工具
512,gcc-toolset-9-systemtap,工具,工具
513,gcc-toolset-9-valgrind,工具,库
514,GConf2,工具,库
515,gcr,库,服务
516,gd,库,库
517,gdb,工具,工具
518,gdbm,库,库
519,gdisk,工具,服务
520,gdk-pixbuf2,库,工具
521,gdm,服务,服务
522,gedit,服务,服务
523,gedit-plugins,服务,服务
524,gegl,库,库
525,gegl04,库,工具
526,genwqe-tools,工具,服务
527,geoclue2,库,其它
528,geocode-glib,库,库
529,GeoIP,库,工具
530,GeoIP-GeoLite-data,库,工具
531,geoipupdate,工具,工具
532,geolite2,工具,工具
533,geronimo-annotation,库,其它
534,geronimo-jms,库,其它
535,geronimo-jpa,库,库
536,geronimo-parent-poms,库,库
537,gettext,工具,工具
538,gfbgraph,库,服务
539,gflags,库,库
540,gfs2-utils,工具,工具
541,ghc-srpm-macros,库,库
542,ghostscript,工具,其它
543,giflib,库,库
544,gimp,工具,工具
545,gio-qt,库,库
546,git,工具,库
547,git-lfs,工具,工具
548,gjs,库,库
549,glade,库,工具
550,glassfish-annotation-api,库,其它
551,glassfish-el,库,其它
552,glassfish-fastinfoset,库,库
553,glassfish-jaxb,库,库
554,glassfish-jaxb-api,库,库
555,glassfish-jsp,库,其它
556,glassfish-jsp-api,库,其它
557,glassfish-legal,库,库
558,glassfish-master-pom,库,库
559,glassfish-servlet-api,库,其它
560,glew,库,库
561,glib2,库,库
562,glibc,库,库
563,glibmm24,库,库
564,glib-networking,库,库
565,gl-manpages,库,库
566,glog,库,库
567,glusterfs,服务,服务
568,gmp,库,库
569,gnome-abrt,服务,工具
570,gnome-autoar,服务,服务
571,gnome-backgrounds,服务,服务
572,gnome-bluetooth,服务,服务
573,gnome-boxes,服务,服务
574,gnome-calculator,服务,服务
575,gnome-characters,服务,库
576,gnome-color-manager,服务,工具
577,gnome-common,服务,工具
578,gnome-control-center,服务,服务
579,gnome-desktop3,服务,服务
580,gnome-disk-utility,服务,工具
581,gnome-font-viewer,服务,工具
582,gnome-getting-started-docs,服务,服务
583,gnome-initial-setup,服务,库
584,gnome-keyring,服务,库
585,gnome-logs,服务,服务
586,gnome-menus,服务,服务
587,gnome-online-accounts,服务,服务
588,gnome-online-miners,服务,服务
589,gnome-photos,服务,服务
590,gnome-remote-desktop,服务,服务
591,gnome-screenshot,服务,服务
592,gnome-session,服务,服务
593,gnome-settings-daemon,服务,库
594,gnome-shell,服务,服务
595,gnome-shell-extensions,服务,服务
596,gnome-software,服务,服务
597,gnome-system-monitor,服务,工具
598,gnome-terminal,服务,服务
599,gnome-themes-standard,服务,服务
600,gnome-tweaks,服务,服务
601,gnome-user-docs,服务,服务
602,gnome-video-effects,服务,服务
603,gnu-efi,库,库
604,gnu-free-fonts,其它,其它
605,gnupg2,工具,库
606,gnuplot,工具,库
607,gnutls,库,库
608,gobject-introspection,库,库
609,go-compilers,库,库
610,go-gir-generator,库,库
611,golang,库,库
612,golang-dbus,库,库
613,golang-github-alecthomas-template,库,库
614,golang-github-alecthomas-units,库,库
615,golang-github-axgle-mahonia,库,库
616,golang-github-cryptix-wav,库,库
617,golang-github-davecgh-go-spew,库,库
618,golang-github-disintegration-imaging,库,库
619,golang-github-fogleman-gg,库,库
620,golang-github-freetype,库,其它
621,golang-github-fsnotify-fsnotify,库,库
622,golang-github-gosexy-gettext,库,库
623,golang-github-kelvins-sunrisesunset,库,库
624,golang-github-linuxdeepin-go-dbus-factory,库,服务
625,golang-github-linuxdeepin-go-x11-client,库,服务
626,golang-github-lofanmi-pinyin,库,库
627,golang-github-mattn-go-sqlite3,库,库
628,golang-github-mozillazg-pinyin,库,库
629,golang-github-msteinert-pam,库,库
630,golang-github-nfnt-resize,库,库
631,golang-github-pmezard-go-difflib,库,库
632,golang-github-rickb777-date,库,库
633,golang-github-rickb777-plural,库,库
634,golang-github-stretchr-objx,库,库
635,golang-github-stretchr-testify,库,库
636,golang-gopkg-alecthomas-kingpin,库,库
637,golang-x-image,库,库
638,golang-x-sys,库,库
639,golang-x-text,库,库
640,golang-x-xerrors,库,库
641,gom,库,库
642,google-api-python-client,库,库
643,google-crosextra-caladea-fonts,其它,其它
644,google-crosextra-carlito-fonts,其它,其它
645,google-droid-fonts,其它,其它
646,google-gson,其它,其它
647,google-guice,库,库
648,google-noto-cjk-fonts,其它,其它
649,google-noto-emoji-fonts,其它,其它
650,google-noto-fonts,其它,其它
651,google-roboto-slab-fonts,其它,其它
652,go-srpm-macros,库,其它
653,go-toolset,工具,工具
654,gpac,库,库
655,gperf,工具,工具
656,gpgme,库,库
657,gpm,库,工具
658,grafana,服务,服务
659,grafana-pcp,服务,工具
660,graphite2,库,工具
661,graphviz,工具,库
662,greenboot,工具,服务
663,grep,工具,工具
664,grilo,库,库
665,grilo-plugins,库,服务
666,groff,工具,工具
667,grub2,工具,库
668,grubby,工具,工具
669,gsettings-desktop-schemas,工具,服务
670,gsettings-qt,库,库
671,gsl,库,库
672,gsm,库,库
673,gsound,库,库
674,gspell,库,工具
675,gssdp,服务,服务
676,gssntlmssp,库,服务
677,gssproxy,库,服务
678,gstreamer,库,库
679,gstreamer1,库,库
680,gstreamer1-plugins-bad-free,库,库
681,gstreamer1-plugins-base,库,库
682,gstreamer1-plugins-good,库,库
683,gstreamer1-plugins-ugly-free,库,库
684,gtest,库,库
685,gtk2,库,工具
686,gtk3,库,库
687,gtk-doc,库,库
688,gtkmm24,库,工具
689,gtkmm30,库,库
690,gtksourceview3,工具,服务
691,gtkspell,工具,工具
692,gtkspell3,工具,工具
693,gtk-vnc,工具,服务
694,guava20,库,库
695,guava,库,库
696,gubbi-fonts,其它,其它
697,guile,库,工具
698,gupnp,库,服务
699,gupnp-av,库,工具
700,gupnp-dlna,库,服务
701,gupnp-igd,库,服务
702,gutenprint,库,服务
703,gvfs,工具,服务
704,gzip,工具,工具
705,hamcrest,库,库
706,haproxy,工具,服务
707,hardlink,工具,库
708,harfbuzz,库,工具
709,hawtjni,库,工具
710,hdparm,工具,库
711,HdrHistogram_c,库,库
712,HdrHistogram,库,其它
713,helm,服务,库
714,help2man,工具,工具
715,hesiod,库,库
716,hexchat,工具,工具
717,hexedit,工具,库
718,hicolor-icon-theme,工具,工具
719,highlight,工具,库
720,hivex,库,库
721,hostapd,服务,服务
722,hostname,工具,工具
723,hplip,工具,工具
724,hspell,工具,工具
725,htmlcxx,库,库
726,httpcomponents-client,库,工具
727,httpcomponents-core,库,其它
728,httpcomponents-project,库,库
729,httpd,服务,库
730,http-parser,库,库
731,hunspell,工具,工具
732,hunspell-af,工具,工具
733,hunspell-ak,工具,工具
734,hunspell-am,工具,工具
735,hunspell-ar,工具,工具
736,hunspell-as,工具,工具
737,hunspell-ast,工具,工具
738,hunspell-az,工具,工具
739,hunspell-be,工具,工具
740,hunspell-ber,工具,工具
741,hunspell-bg,工具,工具
742,hunspell-bn,工具,工具
743,hunspell-br,工具,工具
744,hunspell-ca,工具,工具
745,hunspell-cop,工具,工具
746,hunspell-csb,工具,工具
747,hunspell-cv,工具,工具
748,hunspell-cy,工具,工具
749,hunspell-da,工具,工具
750,hunspell-de,工具,工具
751,hunspell-dsb,工具,工具
752,hunspell-el,工具,工具
753,hunspell-en,工具,工具
754,hunspell-eo,工具,工具
755,hunspell-es,工具,工具
756,hunspell-et,工具,工具
757,hunspell-eu,工具,工具
758,hunspell-fa,工具,工具
759,hunspell-fj,工具,工具
760,hunspell-fo,工具,工具
761,hunspell-fr,工具,工具
762,hunspell-fur,工具,工具
763,hunspell-fy,工具,工具
764,hunspell-ga,工具,工具
765,hunspell-gd,工具,工具
766,hunspell-gl,工具,工具
767,hunspell-grc,工具,工具
768,hunspell-gu,工具,工具
769,hunspell-gv,工具,工具
770,hunspell-haw,工具,工具
771,hunspell-hi,工具,工具
772,hunspell-hil,工具,工具
773,hunspell-hr,工具,工具
774,hunspell-hsb,工具,工具
775,hunspell-ht,工具,工具
776,hunspell-hu,工具,工具
777,hunspell-hy,工具,工具
778,hunspell-ia,工具,工具
779,hunspell-id,工具,工具
780,hunspell-is,工具,工具
781,hunspell-it,工具,工具
782,hunspell-kk,工具,工具
783,hunspell-km,工具,工具
784,hunspell-kn,工具,工具
785,hunspell-ko,工具,工具
786,hunspell-ku,工具,工具
787,hunspell-ky,工具,工具
788,hunspell-la,工具,工具
789,hunspell-lb,工具,工具
790,hunspell-ln,工具,工具
791,hunspell-lt,工具,工具
792,hunspell-mai,工具,工具
793,hunspell-mg,工具,工具
794,hunspell-mi,工具,工具
795,hunspell-mk,工具,工具
796,hunspell-ml,工具,工具
797,hunspell-mn,工具,工具
798,hunspell-mos,工具,工具
799,hunspell-mr,工具,工具
800,hunspell-ms,工具,工具
801,hunspell-mt,工具,工具
802,hunspell-nds,工具,工具
803,hunspell-ne,工具,工具
804,hunspell-nl,工具,工具
805,hunspell-no,工具,工具
806,hunspell-nr,工具,工具
807,hunspell-nso,工具,工具
808,hunspell-ny,工具,工具
809,hunspell-oc,工具,工具
810,hunspell-om,工具,工具
811,hunspell-or,工具,工具
812,hunspell-pa,工具,工具
813,hunspell-pl,工具,工具
814,hunspell-pt,工具,工具
815,hunspell-qu,工具,工具
816,hunspell-quh,工具,工具
817,hunspell-ro,工具,工具
818,hunspell-ru,工具,工具
819,hunspell-rw,工具,工具
820,hunspell-sc,工具,工具
821,hunspell-se,工具,工具
822,hunspell-shs,工具,工具
823,hunspell-si,工具,工具
824,hunspell-sk,工具,工具
825,hunspell-sl,工具,工具
826,hunspell-smj,工具,工具
827,hunspell-so,工具,工具
828,hunspell-sq,工具,工具
829,hunspell-sr,工具,工具
830,hunspell-ss,工具,工具
831,hunspell-st,工具,工具
832,hunspell-sv,工具,工具
833,hunspell-sw,工具,工具
834,hunspell-ta,工具,工具
835,hunspell-te,工具,工具
836,hunspell-tet,工具,工具
837,hunspell-th,工具,工具
838,hunspell-ti,工具,工具
839,hunspell-tk,工具,工具
840,hunspell-tl,工具,工具
841,hunspell-tn,工具,工具
842,hunspell-tpi,工具,工具
843,hunspell-ts,工具,工具
844,hunspell-uk,工具,工具
845,hunspell-ur,工具,工具
846,hunspell-uz,工具,工具
847,hunspell-ve,工具,工具
848,hunspell-vi,工具,工具
849,hunspell-wa,工具,工具
850,hunspell-xh,工具,工具
851,hunspell-yi,工具,工具
852,hunspell-zu,工具,工具
853,hwdata,服务,其它
854,hwinfo,工具,库
855,hwloc,库,其它
856,hyperv-daemons,服务,工具
857,hyphen,库,库
858,hyphen-as,库,库
859,hyphen-bg,库,库
860,hyphen-bn,库,库
861,hyphen-ca,库,库
862,hyphen-cy,库,库
863,hyphen-da,库,库
864,hyphen-de,库,库
865,hyphen-el,库,库
866,hyphen-es,库,库
867,hyphen-eu,库,库
868,hyphen-fa,库,库
869,hyphen-fo,库,库
870,hyphen-fr,库,库
871,hyphen-ga,库,库
872,hyphen-gl,库,库
873,hyphen-grc,库,库
874,hyphen-gu,库,库
875,hyphen-hi,库,库
876,hyphen-hsb,库,库
877,hyphen-hu,库,库
878,hyphen-ia,库,库
879,hyphen-id,库,库
880,hyphen-is,库,库
881,hyphen-it,库,库
882,hyphen-kn,库,库
883,hyphen-ku,库,库
884,hyphen-lt,库,库
885,hyphen-mi,库,库
886,hyphen-ml,库,库
887,hyphen-mn,库,库
888,hyphen-mr,库,库
889,hyphen-nl,库,库
890,hyphen-or,库,库
891,hyphen-pa,库,库
892,hyphen-pl,库,库
893,hyphen-pt,库,库
894,hyphen-ro,库,库
895,hyphen-ru,库,库
896,hyphen-sa,库,库
897,hyphen-sk,库,库
898,hyphen-sl,库,库
899,hyphen-sv,库,库
900,hyphen-ta,库,库
901,hyphen-te,库,库
902,hyphen-tk,库,库
903,hyphen-uk,库,库
904,i2c-tools,工具,服务
905,ibus,工具,工具
906,ibus-hangul,工具,工具
907,ibus-kkc,工具,工具
908,ibus-libpinyin,工具,工具
909,ibus-libzhuyin,工具,工具
910,ibus-m17n,工具,工具
911,ibus-sayura,工具,工具
912,ibus-table,工具,工具
913,ibus-table-chinese,工具,工具
914,ibus-typing-booster,工具,库
915,icedtea-web,库,库
916,icoutils,工具,库
917,icu4j,库,库
918,icu,库,库
919,iio-sensor-proxy,工具,库
920,ilmbase,库,库
921,ima-evm-utils,工具,服务
922,imake,工具,工具
923,imlib2,库,库
924,imsettings,工具,服务
925,iniparser,工具,库
926,initial-setup,工具,服务
927,initscripts,服务,服务
928,inkscape,工具,工具
929,intel-cmt-cat,工具,工具
930,intltool,工具,库
931,iotop,工具,工具
932,ipa,服务,服务
933,ipa-healthcheck,工具,服务
934,ipcalc,工具,库
935,iperf3,工具,库
936,ipmitool,工具,服务
937,iproute,工具,服务
938,iprutils,工具,库
939,ipset,工具,服务
940,iptables,工具,服务
941,iptraf-ng,工具,库
942,iptstate,工具,服务
943,iputils,工具,服务
944,ipvsadm,服务,服务
945,ipxe,服务,其它
946,irqbalance,服务,库
947,irssi,工具,库
948,iscsi-initiator-utils,服务,服务
949,isl,库,库
950,isns-utils,工具,服务
951,iso-codes,工具,其它
952,isomd5sum,工具,工具
953,isorelax,库,库
954,istack-commons,库,库
955,itstool,工具,工具
956,iw,工具,库
957,jabberpy,库,库
958,jack-audio-connection-kit,库,库
959,jackson-annotations,库,其它
960,jackson-core,库,库
961,jackson-databind,库,其它
962,jackson-jaxrs-providers,库,其它
963,jackson-module-jaxb-annotations,库,其它
964,jaf,库,其它
965,jakarta-commons-httpclient,库,库
966,jakarta-oro,库,库
967,jansi,库,库
968,jansi-native,库,其它
969,jansson,库,库
970,jasper,库,库
971,java_cup,库,库
972,java-1.8.0-alibaba-dragonwell,库,工具
973,java-1.8.0-openjdk,库,库
974,java-11-alibaba-dragonwell,库,工具
975,java-11-openjdk,库,工具
976,java-17-openjdk,库,库
977,java-atk-wrapper,库,工具
978,javacc,工具,库
979,javacc-maven-plugin,库,工具
980,javamail,库,其它
981,javapackages-tools,库,工具
982,javassist,库,工具
983,jaxen,库,库
984,jbig2dec,库,库
985,jbigkit,库,库
986,jboss-annotations-1.2-api,库,其它
987,jboss-interceptors-1.2-api,库,库
988,jboss-jaxrs-2.0-api,库,库
989,jboss-logging,库,其它
990,jboss-logging-tools,库,库
991,jboss-parent,库,工具
992,jctools,库,其它
993,jdeparser,库,库
994,jdepend,库,库
995,jdependency,库,库
996,jdom,库,库
997,jdom2,库,库
998,jemalloc,库,库
999,jetty,库,其它
1000,jflex,库,库
1001,jigawatts,库,工具
1002,jimtcl,库,库
1003,jline,库,库
1004,jmc,库,库
1005,jmc-core,库,库
1006,jna,库,库
1007,jolokia-jvm-agent,库,其它
1008,jomolhari-fonts,其它,其它
1009,jose,工具,库
1010,jq,工具,库
1011,jsch,库,其它
1012,js-d3-flame-graph,库,工具
1013,json-c,库,库
1014,jsoncpp,库,库
1015,json-glib,库,库
1016,jsoup,库,其它
1017,jsr-305,库,库
1018,jss,库,服务
1019,jtidy,库,库
1020,Judy,库,库
1021,julietaula-montserrat-fonts,库,其它
1022,junit,库,库
1023,junit5,库,库
1024,jvnet-parent,库,库
1025,jxrlib,库,服务
1026,jzlib,库,库
1027,kabi-dw,工具,工具
1028,kacst-fonts,其它,其它
1029,kata-containers,服务,服务
1030,kbd,工具,其它
1031,kdecoration,库,工具
1032,kde-filesystem,工具,库
1033,kde-settings,工具,工具
1034,kdump-anaconda-addon,工具,工具
1035,keentune-bench,工具,服务
1036,keentune-brain,库,服务
1037,keentuned,服务,服务
1038,keentune-target,服务,库
1039,keentune-ui,工具,工具
1040,keepalived,服务,服务
1041,kernel,其它,其它
1042,kexec-tools,工具,其它
1043,keybinder3,工具,服务
1044,keycloak-httpd-client-install,工具,库
1045,keyutils,工具,工具
1046,kf5,工具,工具
1047,kf5-attica,工具,工具
1048,kf5-frameworkintegration,工具,工具
1049,kf5-kactivities,工具,工具
1050,kf5-karchive,工具,工具
1051,kf5-kauth,工具,工具
1052,kf5-kbookmarks,工具,工具
1053,kf5-kcmutils,工具,工具
1054,kf5-kcodecs,工具,工具
1055,kf5-kcompletion,工具,工具
1056,kf5-kconfig,工具,工具
1057,kf5-kconfigwidgets,工具,工具
1058,kf5-kcoreaddons,工具,工具
1059,kf5-kcrash,工具,工具
1060,kf5-kdbusaddons,工具,工具
1061,kf5-kdeclarative,工具,工具
1062,kf5-kded,工具,工具
1063,kf5-kdelibs4support,工具,工具
1064,kf5-kdesignerplugin,工具,工具
1065,kf5-kdesu,工具,工具
1066,kf5-kdoctools,工具,工具
1067,kf5-kemoticons,工具,工具
1068,kf5-kglobalaccel,工具,工具
1069,kf5-kguiaddons,工具,工具
1070,kf5-ki18n,工具,工具
1071,kf5-kiconthemes,工具,工具
1072,kf5-kidletime,工具,工具
1073,kf5-kinit,工具,工具
1074,kf5-kio,工具,工具
1075,kf5-kirigami2,工具,库
1076,kf5-kitemmodels,工具,工具
1077,kf5-kitemviews,工具,工具
1078,kf5-kjobwidgets,工具,工具
1079,kf5-knewstuff,工具,工具
1080,kf5-knotifications,工具,工具
1081,kf5-kpackage,工具,工具
1082,kf5-kparts,工具,工具
1083,kf5-kplotting,工具,工具
1084,kf5-kpty,工具,工具
1085,kf5-kservice,工具,工具
1086,kf5-ktextwidgets,工具,工具
1087,kf5-kunitconversion,工具,工具
1088,kf5-kwallet,工具,工具
1089,kf5-kwayland,工具,库
1090,kf5-kwidgetsaddons,工具,工具
1091,kf5-kwindowsystem,工具,库
1092,kf5-kxmlgui,工具,工具
1093,kf5-networkmanager-qt,工具,库
1094,kf5-plasma,工具,工具
1095,kf5-solid,工具,工具
1096,kf5-sonnet,工具,工具
1097,kf5-syntax-highlighting,工具,库
1098,khmeros-fonts,其它,其它
1099,kmod,工具,库
1100,kmod-kvdo,工具,工具
1101,kpatch,工具,工具
1102,krb5,服务,服务
1103,kronosnet,库,库
1104,ksc,工具,工具
1105,kscreenlocker,库,工具
1106,ksh,工具,服务
1107,kubernetes,服务,服务
1108,kurdit-unikurd-web-fonts,其它,其它
1109,kwin,服务,工具
1110,kyotocabinet,库,库
1111,ladspa,工具,库
1112,lame,库,库
1113,langpacks,服务,其它
1114,langtable,工具,库
1115,lapack,库,库
1116,lasso,库,库
1117,latex2html,工具,工具
1118,lato-fonts,其它,其它
1119,lcms2,工具,工具
1120,ldapjdk,库,库
1121,ldns,库,库
1122,ledmon,工具,服务
1123,lensfun,库,库
1124,leptonica,库,库
1125,less,工具,工具
1126,lftp,工具,库
1127,libabw,库,库
1128,libaec,库,库
1129,libaio,库,库
1130,libao,库,库
1131,libappindicator,库,库
1132,libappstream-glib,库,服务
1133,libarchive,库,工具
1134,libass,库,库
1135,libassuan,库,库
1136,libasyncns,库,库
1137,libatasmart,库,库
1138,libatomic_ops,库,库
1139,libavc1394,库,库
1140,libbase,库,库
1141,libblockdev,库,工具
1142,libbluray,库,库
1143,libbpf,库,工具
1144,libburn,库,库
1145,libbytesize,库,库
1146,libcacard,库,库
1147,libcanberra,库,库
1148,libcap,库,库
1149,libcap-ng,库,库
1150,libcdio,库,库
1151,libcdio-paranoia,库,库
1152,libcdr,库,工具
1153,libcgroup,库,服务
1154,libchamplain,库,服务
1155,libchardet,库,库
1156,libcmis,库,库
1157,libcomps,库,库
1158,libconfig,库,库
1159,libcroco,库,库
1160,libdaemon,库,库
1161,libdap,库,库
1162,libdatrie,库,库
1163,libdazzle,库,库
1164,libdb,库,库
1165,libdbusmenu,库,工具
1166,libdc1394,库,库
1167,libdmapsharing,库,库
1168,libdmx,库,库
1169,libdnet,库,工具
1170,libdnf,库,库
1171,libdrm,库,库
1172,libdv,库,库
1173,libdvdnav,库,库
1174,libdvdread,库,库
1175,libdwarf,库,工具
1176,libeasyfc,库,库
1177,libecap,库,库
1178,libecpg,库,工具
1179,libedit,库,库
1180,libEMF,库,库
1181,libeot,库,库
1182,libepoxy,库,库
1183,libepubgen,库,库
1184,liberation-fonts,其它,其它
1185,liberation-narrow-fonts,其它,其它
1186,libestr,库,库
1187,libetonyek,库,库
1188,libev,库,库
1189,libevdev,库,库
1190,libevent,库,库
1191,libexif,库,库
1192,libexttextcat,库,库
1193,libfabric,库,库
1194,libfastjson,库,库
1195,libffado,库,库
1196,libffi,库,库
1197,libfontenc,库,库
1198,libfonts,库,库
1199,libformula,库,库
1200,libfprint,库,库
1201,libfreehand,库,工具
1202,libgcrypt,库,库
1203,libgdata,库,服务
1204,libgdither,库,库
1205,libgee,库,库
1206,libgexiv2,库,库
1207,libgit2,库,库
1208,libgit2-glib,库,库
1209,libglvnd,库,库
1210,libgnomekbd,库,服务
1211,libgovirt,库,库
1212,libgpg-error,库,库
1213,libgphoto2,库,服务
1214,libgpod,库,库
1215,libgsf,库,库
1216,libgtop2,库,库
1217,libgudev,库,库
1218,libguestfs,库,其它
1219,libguestfs-winsupport,库,工具
1220,libgusb,库,库
1221,libgweather,库,库
1222,libgxim,库,服务
1223,libgxps,库,工具
1224,libhangul,库,库
1225,libhbaapi,库,库
1226,libhbalinux,库,服务
1227,libhugetlbfs,库,工具
1228,libical,库,库
1229,libICE,库,库
1230,libid3tag,库,库
1231,libIDL,库,库
1232,libidn,库,工具
1233,libidn2,库,库
1234,libiec61883,库,库
1235,libieee1284,库,库
1236,libijs,库,库
1237,libimobiledevice,库,库
1238,libindicator,库,库
1239,libinput,库,工具
1240,libipt,库,库
1241,libiptcdata,库,工具
1242,libiscsi,库,服务
1243,libisoburn,库,工具
1244,libisofs,库,库
1245,libjpeg-turbo,库,库
1246,libkcapi,库,服务
1247,libkeepalive,库,库
1248,libkkc,库,库
1249,libkkc-data,库,其它
1250,libksba,库,库
1251,liblangtag,库,库
1252,liblayout,库,库
1253,libldb,库,库
1254,libloader,库,库
1255,liblockfile,库,库
1256,liblognorm,库,库
1257,liblouis,库,工具
1258,libmad,库,库
1259,libmatchbox,库,服务
1260,libmaxminddb,库,库
1261,libmbim,库,库
1262,libmediaart,库,库
1263,libmediainfo,库,库
1264,libmemcached,库,服务
1265,libmetalink,库,库
1266,libmfx,库,库
1267,libmicrohttpd,库,工具
1268,libmng,库,工具
1269,libmnl,库,库
1270,libmodman,库,库
1271,libmodplug,库,库
1272,libmodulemd,库,库
1273,libmpc,库,库
1274,libmpcdec,库,库
1275,libmspack,库,库
1276,libmspub,库,库
1277,libmtp,库,库
1278,libmusicbrainz5,库,库
1279,libmwaw,库,库
1280,libnbd,库,库
1281,libndp,库,库
1282,libnet,库,库
1283,libnetfilter_conntrack,库,库
1284,libnetfilter_cthelper,库,库
1285,libnetfilter_cttimeout,库,库
1286,libnetfilter_queue,库,库
1287,libnfnetlink,库,库
1288,libnftnl,库,库
1289,libnice,库,服务
1290,libnl3,库,库
1291,libnma,库,服务
1292,libnotify,库,服务
1293,libnsl2,库,库
1294,libnumbertext,库,库
1295,liboauth,库,库
1296,libodfgen,库,库
1297,libogg,库,库
1298,liboggz,库,工具
1299,libomp,库,工具
1300,libopenraw,库,库
1301,liborcus,库,库
1302,libosinfo,库,库
1303,libotf,库,库
1304,libpagemaker,库,库
1305,libpaper,库,库
1306,libpcap,库,服务
1307,libpciaccess,库,库
1308,libpeas,库,库
1309,libpfm,库,库
1310,libpinyin,库,库
1311,libpipeline,库,库
1312,libplist,库,库
1313,libpmemobj-cpp,库,其它
1314,libpng,库,工具
1315,libpng12,库,库
1316,libpng15,库,库
1317,libpq,库,服务
1318,libproxy,库,库
1319,libpsl,库,库
1320,libpsm2,库,服务
1321,libpst,库,库
1322,libpwquality,库,库
1323,libqb,库,库
1324,libqmi,库,库
1325,libqrtr-glib,库,库
1326,libqtxdg,库,工具
1327,libquvi,库,库
1328,libquvi-scripts,库,库
1329,libqxp,库,库
1330,librabbitmq,库,库
1331,LibRaw,库,工具
1332,libraw1394,库,库
1333,librdkafka,库,库
1334,librelp,库,库
1335,libreoffice,库,工具
1336,libreoffice-voikko,库,库
1337,librepo,库,库
1338,libreport,库,工具
1339,librepository,库,库
1340,libreswan,库,服务
1341,librevenge,库,库
1342,librhsm,库,库
1343,librsvg2,库,工具
1344,librx,库,库
1345,libsamplerate,库,库
1346,libsass,库,库
1347,libseccomp,库,库
1348,libsecret,库,库
1349,libselinux,库,工具
1350,libsemanage,库,工具
1351,libsepol,库,工具
1352,libserf,库,服务
1353,libserializer,库,库
1354,libshout,库,库
1355,libsigc++20,库,库
1356,libsigsegv,库,库
1357,libslirp,库,库
1358,libSM,库,库
1359,libsmbios,库,库
1360,libsmi,库,工具
1361,libsndfile,库,库
1362,libsolv,库,库
1363,libsoup,库,服务
1364,libspectre,库,工具
1365,libspiro,库,库
1366,libsrtp,库,库
1367,libssh,库,服务
1368,libstaroffice,库,库
1369,libstemmer,库,库
1370,libstoragemgmt,库,服务
1371,libsvm,库,库
1372,libtalloc,库,库
1373,libtar,库,库
1374,libtasn1,库,库
1375,libtdb,库,库
1376,libteam,库,其它
1377,libtevent,库,库
1378,libthai,库,库
1379,libtheora,库,库
1380,libtiff,库,库
1381,libtimezonemap,库,服务
1382,libtirpc,库,服务
1383,libtool,库,工具
1384,libtpms,库,库
1385,libucil,库,库
1386,libunicap,库,库
1387,libuninameslist,库,库
1388,libunistring,库,工具
1389,libupnp,库,库
1390,liburing,库,库
1391,libusb,库,库
1392,libusbmuxd,库,库
1393,libusbx,库,库
1394,libuser,库,库
1395,libutempter,库,服务
1396,libuv,库,库
1397,libva,库,库
1398,libvarlink,库,库
1399,libvdpau,库,库
1400,libverto,库,库
1401,libvirt,服务,服务
1402,libvirt-dbus,服务,服务
1403,libvirt-glib,服务,服务
1404,libvirt-python,服务,服务
1405,libvisio,库,库
1406,libvisual,库,库
1407,libvma,库,库
1408,libvncserver,库,库
1409,libvoikko,库,库
1410,libvorbis,库,库
1411,libvpx,库,库
1412,libwacom,库,库
1413,libwebp,库,库
1414,libwmf,库,工具
1415,libwnck3,库,工具
1416,libwpd,库,库
1417,libwpg,库,库
1418,libwps,库,库
1419,libX11,库,库
1420,libx86emu,库,库
1421,libXau,库,库
1422,libXaw,库,库
1423,libxcb,库,库
1424,libXcomposite,库,库
1425,libxcrypt,库,库
1426,libXcursor,库,库
1427,libXdamage,库,库
1428,libXdmcp,库,库
1429,libXext,库,库
1430,libXfixes,库,库
1431,libXfont2,库,库
1432,libXft,库,库
1433,libXi,库,库
1434,libXinerama,库,库
1435,libxkbcommon,库,库
1436,libxkbfile,库,库
1437,libxklavier,库,库
1438,libxml++,库,库
1439,libxml2,库,库
1440,libxmlb,库,工具
1441,libXmu,库,库
1442,libXNVCtrl,库,库
1443,libXp,库,库
1444,libXpm,库,库
1445,libXrandr,库,库
1446,libXrender,库,库
1447,libXres,库,库
1448,libXScrnSaver,库,库
1449,libxshmfence,库,库
1450,libxslt,库,库
1451,libXt,库,库
1452,libXtst,库,库
1453,libxudp,库,库
1454,libXv,库,库
1455,libXvMC,库,库
1456,libXxf86dga,库,库
1457,libXxf86misc,库,库
1458,libXxf86vm,库,库
1459,libyami,库,库
1460,libyaml,库,工具
1461,libyang,库,库
1462,libzen,库,库
1463,libzip,库,库
1464,libzmf,库,库
1465,lightdm,库,库
1466,lightdm-gtk,库,服务
1467,lightdm-gtk-greeter-settings,库,工具
1468,linuxconsoletools,工具,工具
1469,linuxdoc-tools,工具,其它
1470,linux-firmware,其它,其它
1471,linuxptp,库,服务
1472,lklug-fonts,其它,其它
1473,lksctp-tools,库,服务
1474,lld,工具,工具
1475,lldb,工具,工具
1476,lldpad,库,服务
1477,lldpd,服务,服务
1478,llvm,工具,工具
1479,llvm-toolset,工具,工具
1480,lm_sensors,工具,工具
1481,lmdb,库,库
1482,lockdev,库,服务
1483,log4j12,库,其它
1484,log4j,库,其它
1485,logrotate,服务,工具
1486,logwatch,工具,工具
1487,lohit-assamese-fonts,其它,其它
1488,lohit-bengali-fonts,其它,其它
1489,lohit-devanagari-fonts,其它,其它
1490,lohit-gujarati-fonts,其它,其它
1491,lohit-gurmukhi-fonts,其它,其它
1492,lohit-kannada-fonts,其它,其它
1493,lohit-malayalam-fonts,其它,其它
1494,lohit-marathi-fonts,其它,其它
1495,lohit-nepali-fonts,其它,其它
1496,lohit-odia-fonts,其它,其它
1497,lohit-tamil-fonts,其它,其它
1498,lohit-telugu-fonts,其它,其它
1499,lorax,工具,工具
1500,lorax-templates-anolis,服务,库
1501,lorax-templates-rhel,服务,工具
1502,lpsolve,工具,库
1503,lrzsz,工具,工具
1504,lshw,工具,工具
1505,lsof,工具,工具
1506,lsscsi,工具,工具
1507,ltrace,工具,工具
1508,lttng-ust,库,库
1509,lua,库,库
1510,lua-expat,库,库
1511,lua-filesystem,库,库
1512,luajit,库,库
1513,lua-json,库,库
1514,lua-lpeg,库,库
1515,lua-lunit,库,库
1516,lua-posix,库,库
1517,lua-rpm-macros,库,库
1518,lua-socket,库,库
1519,lucene++,库,库
1520,lucene,库,库
1521,luksmeta,库,库
1522,lvm2,工具,其它
1523,lynx,工具,库
1524,lz4,工具,库
1525,lz4-java,库,库
1526,lzo,库,库
1527,lzop,工具,库
1528,m17n-db,库,工具
1529,m17n-lib,库,工具
1530,m4,工具,工具
1531,madan-fonts,其它,其它
1532,mailcap,工具,其它
1533,mailman,工具,服务
1534,mailx,工具,工具
1535,make,工具,工具
1536,malaga,工具,工具
1537,malaga-suomi-voikko,工具,库
1538,mallard-rng,工具,工具
1539,man-db,工具,工具
1540,mariadb,服务,服务
1541,mariadb-connector-c,库,服务
1542,mariadb-connector-odbc,库,库
1543,mariadb-java-client,库,库
1544,marisa,库,库
1545,matchbox-window-manager,工具,服务
1546,maven2,工具,库
1547,maven,工具,库
1548,maven-antrun-plugin,工具,工具
1549,maven-archiver,工具,工具
1550,maven-artifact-resolver,工具,库
1551,maven-artifact-transfer,工具,工具
1552,maven-assembly-plugin,工具,工具
1553,maven-clean-plugin,工具,工具
1554,maven-common-artifact-filters,工具,库
1555,maven-compiler-plugin,工具,工具
1556,maven-dependency-analyzer,工具,工具
1557,maven-dependency-plugin,工具,工具
1558,maven-dependency-tree,工具,库
1559,maven-doxia,工具,工具
1560,maven-doxia-sitetools,工具,工具
1561,maven-enforcer,工具,库
1562,maven-file-management,工具,工具
1563,maven-filtering,工具,工具
1564,maven-install-plugin,工具,工具
1565,maven-invoker,工具,工具
1566,maven-invoker-plugin,工具,工具
1567,maven-jar-plugin,工具,工具
1568,maven-parent,工具,库
1569,maven-plugin-build-helper,工具,工具
1570,maven-plugin-bundle,工具,工具
1571,maven-plugins-pom,工具,库
1572,maven-plugin-testing,工具,工具
1573,maven-plugin-tools,工具,工具
1574,maven-remote-resources-plugin,工具,工具
1575,maven-reporting-api,工具,其它
1576,maven-reporting-impl,工具,库
1577,maven-resolver,工具,库
1578,maven-resources-plugin,工具,工具
1579,maven-script-interpreter,工具,工具
1580,maven-shade-plugin,工具,工具
1581,maven-shared,工具,库
1582,maven-shared-incremental,工具,库
1583,maven-shared-io,工具,工具
1584,maven-shared-utils,工具,库
1585,maven-source-plugin,工具,工具
1586,maven-surefire,工具,工具
1587,maven-verifier,工具,库
1588,maven-wagon,工具,工具
1589,mc,工具,库
1590,mcelog,工具,服务
1591,mcpp,库,库
1592,mcstrans,服务,服务
1593,mdadm,工具,工具
1594,mdevctl,工具,工具
1595,meanwhile,库,库
1596,mecab,工具,库
1597,mecab-ipadic,工具,工具
1598,media-player-info,库,其它
1599,memcached,服务,服务
1600,memkind,库,库
1601,memstrack,工具,库
1602,memtest86+,工具,服务
1603,mercurial,工具,工具
1604,mesa,库,库
1605,mesa-demos,库,库
1606,mesa-libGLU,库,库
1607,mesa-libGLw,库,库
1608,meson,工具,工具
1609,metacity,服务,服务
1610,metis,工具,库
1611,microcode_ctl,工具,服务
1612,microdnf,工具,库
1613,micropipenv,工具,库
1614,mimetic,库,库
1615,mingw-binutils,工具,服务
1616,mingw-bzip2,工具,库
1617,mingw-cairo,工具,库
1618,mingw-crt,工具,库
1619,mingw-expat,工具,库
1620,mingw-filesystem,工具,工具
1621,mingw-fontconfig,工具,库
1622,mingw-freetype,工具,库
1623,mingw-gcc,工具,库
1624,mingw-gettext,库,库
1625,mingw-glib2,库,库
1626,mingw-gstreamer1,库,库
1627,mingw-harfbuzz,库,库
1628,mingw-headers,库,工具
1629,mingw-icu,库,库
1630,mingw-libffi,库,库
1631,mingw-libjpeg-turbo,库,库
1632,mingw-libpng,库,库
1633,mingw-libtiff,库,库
1634,mingw-openssl,库,库
1635,mingw-pcre,库,库
1636,mingw-pixman,库,库
1637,mingw-pkg-config,库,库
1638,mingw-readline,库,库
1639,mingw-sqlite,库,库
1640,mingw-termcap,库,其它
1641,mingw-win-iconv,库,库
1642,mingw-winpthreads,库,库
1643,mingw-zlib,库,库
1644,minicom,工具,工具
1645,minizip,库,库
1646,minizip1.2,库,库
1647,mksh,工具,工具
1648,mlocate,工具,服务
1649,mobile-broadband-provider-info,库,其它
1650,mockito,库,库
1651,mod_auth_gssapi,库,服务
1652,mod_auth_mellon,库,服务
1653,mod_auth_openidc,库,库
1654,mod_authnz_pam,库,服务
1655,mod_fcgid,库,服务
1656,mod_http2,库,服务
1657,mod_intercept_form_submit,库,库
1658,mod_lookup_identity,库,库
1659,mod_md,库,库
1660,mod_security_crs,库,库
1661,mod_security,库,库
1662,mod_wsgi,库,库
1663,modello,工具,工具
1664,modulemd-tools,工具,库
1665,mojo-parent,库,库
1666,mokutil,工具,服务
1667,motif,工具,工具
1668,mousetweaks,工具,服务
1669,mozilla-filesystem,库,其它
1670,mozjs52,库,库
1671,mozjs60,库,库
1672,mozvoikko,工具,库
1673,mpfr,库,库
1674,mpg123,库,库
1675,mpich,库,库
1676,mpitests,库,库
1677,mpv,工具,工具
1678,mrtg,工具,库
1679,mstflint,工具,库
1680,mtdev,库,库
1681,mtools,工具,工具
1682,mtr,工具,工具
1683,mt-st,工具,服务
1684,mtx,工具,库
1685,multilib-rpm-config,工具,工具
1686,munge,工具,库
1687,munge-maven-plugin,库,库
1688,mutt,工具,服务
1689,mutter,服务,服务
1690,mvapich2,库,库
1691,mysql,服务,服务
1692,mysql-selinux,库,工具
1693,mythes,库,库
1694,mythes-bg,库,库
1695,mythes-ca,库,库
1696,mythes-cs,库,库
1697,mythes-da,库,库
1698,mythes-de,库,库
1699,mythes-el,库,库
1700,mythes-en,库,库
1701,mythes-es,库,库
1702,mythes-fr,库,库
1703,mythes-ga,库,库
1704,mythes-hu,库,库
1705,mythes-it,库,库
1706,mythes-mi,库,库
1707,mythes-ne,库,库
1708,mythes-nl,库,库
1709,mythes-pl,库,库
1710,mythes-pt,库,库
1711,mythes-ro,库,库
1712,mythes-ru,库,库
1713,mythes-sk,库,库
1714,mythes-sl,库,库
1715,mythes-sv,库,库
1716,mythes-uk,库,库
1717,nafees-web-naskh-fonts,其它,其它
1718,nano,工具,库
1719,nasm,工具,库
1720,nautilus,工具,服务
1721,nautilus-sendto,工具,库
1722,navilu-fonts,其它,其它
1723,nbdkit,工具,库
1724,ncompress,工具,工具
1725,ncurses,库,库
1726,ndctl,工具,服务
1727,neon,库,服务
1728,nerdctl,工具,服务
1729,netcf,库,库
1730,netlabel_tools,工具,服务
1731,netpbm,库,工具
1732,net-snmp,库,库
1733,nettle,库,工具
1734,net-tools,工具,服务
1735,NetworkManager,服务,工具
1736,network-manager-applet,工具,服务
1737,NetworkManager-libreswan,库,工具
1738,newt,库,工具
1739,nfs4-acl-tools,工具,库
1740,nfs-utils,库,服务
1741,nftables,工具,服务
1742,nghttp2,库,库
1743,nginx,服务,服务
1744,ninja-build,工具,工具
1745,nispor,库,工具
1746,nkf,库,库
1747,nmap,工具,库
1748,nmstate,库,库
1749,nodejs,库,库
1750,nodejs-nodemon,库,库
1751,nodejs-packaging,库,库
1752,npth,库,库
1753,nspr,库,库
1754,nss_nis,库,服务
1755,nss_wrapper,库,工具
1756,nss,库,工具
1757,nss-altfiles,库,库
1758,nss-pam-ldapd,库,服务
1759,ntfs-3g,服务,库
1760,ntpstat,工具,服务
1761,numactl,工具,库
1762,numad,服务,服务
1763,numatop,工具,库
1764,numpy,库,工具
1765,nvme-cli,工具,服务
1766,nvmetcli,工具,工具
1767,nydus-rs,服务,库
1768,nydus-snapshotter,服务,库
1769,objectweb-asm,库,工具
1770,objectweb-pom,库,库
1771,objenesis,库,库
1772,ocaml,库,工具
1773,ocaml-camlp4,库,其它
1774,ocaml-cppo,库,库
1775,ocaml-extlib,库,库
1776,ocaml-findlib,库,工具
1777,ocaml-labltk,库,库
1778,ocaml-ocamlbuild,库,库
1779,ocaml-srpm-macros,库,库
1780,oceanbase-ce,服务,库
1781,oci-seccomp-bpf-hook,库,库
1782,oci-systemd-hook,库,服务
1783,oci-umount,库,库
1784,ocl-icd,库,库
1785,oddjob,工具,其它
1786,omping,工具,服务
1787,onboard,工具,工具
1788,ongres-scram,库,其它
1789,oniguruma,库,库
1790,opa-ff,库,库
1791,opa-fm,工具,库
1792,openal-soft,库,库
1793,openblas,库,库
1794,openblas-srpm-macros,库,库
1795,openbox,工具,工具
1796,openchange,库,库
1797,opencl-filesystem,库,其它
1798,opencl-headers,库,工具
1799,opencore-amr,库,库
1800,opencryptoki,库,服务
1801,opencv,库,库
1802,opendnssec,库,服务
1803,OpenEXR,库,库
1804,openhpi,库,库
1805,OpenIPMI,库,库
1806,openjade,库,库
1807,openjpeg2,库,工具
1808,openldap,服务,服务
1809,openmpi,库,库
1810,openoffice.org-dict-cs_CZ,工具,工具
1811,openoffice-lv,工具,库
1812,openpgm,库,服务
1813,open-sans-fonts,其它,其它
1814,opensc,库,库
1815,openscap,库,其它
1816,openslp,库,服务
1817,opensm,工具,服务
1818,opensp,库,库
1819,openssh,服务,服务
1820,openssl,工具,库
1821,openssl-ibmpkcs11,工具,服务
1822,openssl-pkcs11,工具,库
1823,opentest4j,库,库
1824,open-vm-tools,工具,服务
1825,openwsman,服务,库
1826,opus,库,库
1827,orc,库,库
1828,orca,库,服务
1829,osbuild,工具,服务
1830,osbuild-composer,工具,服务
1831,oscap-anaconda-addon,工具,库
1832,osgi-annotation,库,其它
1833,osgi-compendium,库,其它
1834,osgi-core,库,其它
1835,osinfo-db,工具,工具
1836,osinfo-db-tools,工具,工具
1837,os-maven-plugin,库,工具
1838,os-prober,工具,工具
1839,ostree,工具,库
1840,owasp-java-encoder,库,库
1841,p11-kit,服务,库
1842,p7zip,工具,库
1843,pacemaker,服务,工具
1844,PackageKit,服务,工具
1845,pakchois,库,库
1846,paktype-naqsh-fonts,其它,其它
1847,paktype-naskh-basic-fonts,其它,其它
1848,paktype-tehreer-fonts,其它,其它
1849,pam,工具,服务
1850,pandoc,库,库
1851,pango,库,库
1852,pangomm,库,工具
1853,papi,库,库
1854,papirus-icon-theme,工具,工具
1855,paps,库,服务
1856,paratype-pt-sans-fonts,其它,其它
1857,parfait,库,库
1858,parted,工具,工具
1859,passwd,工具,服务
1860,patch,工具,库
1861,pavucontrol,工具,库
1862,pcaudiolib,库,库
1863,pciutils,工具,工具
1864,pcm,库,库
1865,pcp,服务,工具
1866,pcre2,库,库
1867,pcre,库,库
1868,pcs,工具,服务
1869,pcsc-lite,库,服务
1870,pcsc-lite-ccid,库,服务
1871,pentaho-libxml,库,库
1872,pentaho-reporting-flow-engine,库,库
1873,perftest,工具,服务
1874,peripety,服务,服务
1875,perl,库,库
1876,perl-Algorithm-Diff,库,库
1877,perl-AnyEvent,库,库
1878,perl-Any-URI-Escape,库,库
1879,perl-App-cpanminus,库,库
1880,perl-Archive-Tar,库,库
1881,perl-Archive-Zip,库,库
1882,perl-Authen-SASL,库,库
1883,perl-autodie,库,库
1884,perl-B-Debug,库,库
1885,perl-B-Hooks-EndOfScope,库,库
1886,perl-bignum,库,库
1887,perl-Bit-Vector,库,库
1888,perl-B-Lint,库,库
1889,perl-Canary-Stability,库,库
1890,perl-Capture-Tiny,库,库
1891,perl-Carp,库,库
1892,perl-Carp-Clan,库,库
1893,perl-CGI,库,库
1894,perl-Class-Accessor,库,库
1895,perl-Class-Data-Inheritable,库,库
1896,perl-Class-Factory-Util,库,库
1897,perl-Class-Inspector,库,库
1898,perl-Class-ISA,库,库
1899,perl-Class-Method-Modifiers,库,库
1900,perl-Class-Singleton,库,库
1901,perl-Class-Tiny,库,库
1902,perl-Class-XSAccessor,库,库
1903,perl-Clone,库,库
1904,perl-common-sense,库,库
1905,perl-Compress-Bzip2,库,库
1906,perl-Compress-Raw-Bzip2,库,库
1907,perl-Compress-Raw-Lzma,库,库
1908,perl-Compress-Raw-Zlib,库,库
1909,perl-Config-AutoConf,库,库
1910,perl-Config-Perl-V,库,库
1911,perl-Config-Tiny,库,库
1912,perl-constant,库,库
1913,perl-Convert-ASN1,库,库
1914,perl-CPAN,库,库
1915,perl-CPAN-DistnameInfo,库,库
1916,perl-CPAN-Meta,库,库
1917,perl-CPAN-Meta-Check,库,库
1918,perl-CPAN-Meta-Requirements,库,库
1919,perl-CPAN-Meta-YAML,库,库
1920,perl-Crypt-OpenSSL-Bignum,库,库
1921,perl-Crypt-OpenSSL-Random,库,库
1922,perl-Crypt-OpenSSL-RSA,库,库
1923,perl-Data-Dump,库,库
1924,perl-Data-Dumper,库,库
1925,perl-Data-OptList,库,库
1926,perl-Data-Section,库,库
1927,perl-Data-UUID,库,库
1928,perl-Date-Calc,库,库
1929,perl-Date-ISO8601,库,库
1930,perl-Date-Manip,库,库
1931,perl-DateTime,库,库
1932,perl-DateTime-Format-Builder,库,库
1933,perl-DateTime-Format-HTTP,库,库
1934,perl-DateTime-Format-ISO8601,库,库
1935,perl-DateTime-Format-Mail,库,库
1936,perl-DateTime-Format-Strptime,库,库
1937,perl-DateTime-Locale,库,库
1938,perl-DateTime-TimeZone,库,库
1939,perl-DateTime-TimeZone-SystemV,库,库
1940,perl-DateTime-TimeZone-Tzfile,库,库
1941,perl-DB_File,库,库
1942,perl-DBD-MySQL,库,库
1943,perl-DBD-Pg,库,库
1944,perl-DBD-SQLite,库,库
1945,perl-DBI,库,库
1946,perl-Devel-CallChecker,库,库
1947,perl-Devel-Caller,库,库
1948,perl-Devel-CheckLib,库,库
1949,perl-Devel-GlobalDestruction,库,库
1950,perl-Devel-LexAlias,库,库
1951,perl-Devel-PPPort,库,库
1952,perl-Devel-Size,库,库
1953,perl-Devel-StackTrace,库,库
1954,perl-Devel-Symdump,库,库
1955,perl-Digest,库,库
1956,perl-Digest-CRC,库,库
1957,perl-Digest-HMAC,库,库
1958,perl-Digest-MD5,库,库
1959,perl-Digest-SHA1,库,服务
1960,perl-Digest-SHA,库,库
1961,perl-Dist-CheckConflicts,库,库
1962,perl-DynaLoader-Functions,库,库
1963,perl-Encode,库,库
1964,perl-Encode-Detect,库,库
1965,perl-Encode-Locale,库,库
1966,perl-Env,库,库
1967,perl-Error,库,库
1968,perl-Eval-Closure,库,库
1969,perl-Exception-Class,库,库
1970,perl-experimental,库,库
1971,perl-Exporter,库,库
1972,perl-Exporter-Tiny,库,库
1973,perl-ExtUtils-CBuilder,库,库
1974,perl-ExtUtils-Install,库,库
1975,perl-ExtUtils-MakeMaker,库,库
1976,perl-ExtUtils-Manifest,库,库
1977,perl-ExtUtils-ParseXS,库,库
1978,perl-FCGI,库,库
1979,perl-Fedora-VSP,库,库
1980,perl-File-BaseDir,库,库
1981,perl-File-chdir,库,库
1982,perl-File-CheckTree,库,库
1983,perl-File-Copy-Recursive,库,库
1984,perl-File-DesktopEntry,库,库
1985,perl-File-Fetch,库,库
1986,perl-File-Find-Object,库,库
1987,perl-File-Find-Rule,库,库
1988,perl-File-HomeDir,库,库
1989,perl-File-Listing,库,库
1990,perl-File-MimeInfo,库,工具
1991,perl-File-Path,库,库
1992,perl-File-pushd,库,库
1993,perl-File-ReadBackwards,库,库
1994,perl-File-Remove,库,库
1995,perl-File-ShareDir,库,库
1996,perl-File-Slurp,库,库
1997,perl-File-Temp,库,库
1998,perl-File-Which,库,库
1999,perl-Filter,库,库
2000,perl-Filter-Simple,库,库
2001,perl-generators,库,库
2002,perl-Getopt-Long,库,库
2003,perl-gettext,库,库
2004,perl-GSSAPI,库,服务
2005,perl-HTML-Parser,库,库
2006,perl-HTML-Tagset,库,库
2007,perl-HTML-Tree,库,库
2008,perl-HTTP-Cookies,库,库
2009,perl-HTTP-Daemon,库,库
2010,perl-HTTP-Date,库,库
2011,perl-HTTP-Message,库,库
2012,perl-HTTP-Negotiate,库,库
2013,perl-HTTP-Tiny,库,库
2014,perl-Importer,库,库
2015,perl-Import-Into,库,库
2016,perl-inc-latest,库,库
2017,perl-IO-All,库,库
2018,perl-IO-Compress,库,库
2019,perl-IO-Compress-Lzma,库,库
2020,perl-IO-HTML,库,库
2021,perl-IO-Multiplex,库,库
2022,perl-IO-Socket-INET6,库,库
2023,perl-IO-Socket-IP,库,库
2024,perl-IO-Socket-SSL,库,库
2025,perl-IO-String,库,库
2026,perl-IO-stringy,库,库
2027,perl-IO-Tty,库,库
2028,perl-IPC-Cmd,库,库
2029,perl-IPC-Run,库,库
2030,perl-IPC-Run3,库,库
2031,perl-IPC-System-Simple,库,库
2032,perl-IPC-SysV,库,库
2033,perl-JSON,库,库
2034,perl-JSON-PP,库,库
2035,perl-JSON-XS,库,库
2036,perl-LDAP,库,库
2037,perl-libintl-perl,库,库
2038,perl-libnet,库,库
2039,perl-libwww-perl,库,库
2040,perl-libxml-perl,库,库
2041,perl-List-MoreUtils,库,库
2042,perl-List-MoreUtils-XS,库,库
2043,perl-Locale-Codes,库,库
2044,perl-Locale-Maketext,库,库
2045,perl-local-lib,库,库
2046,perl-LWP-MediaTypes,库,库
2047,perl-LWP-Protocol-https,库,库
2048,perl-Mail-DKIM,库,库
2049,perl-Mail-Sender,库,库
2050,perl-Mail-SPF,库,库
2051,perl-MailTools,库,库
2052,perl-Math-BigInt,库,库
2053,perl-Math-BigInt-FastCalc,库,库
2054,perl-Math-BigRat,库,库
2055,perl-MIME-Base64,库,库
2056,perl-MIME-Charset,库,库
2057,perl-MIME-Types,库,库
2058,perl-Module-Build,库,库
2059,perl-Module-CoreList,库,库
2060,perl-Module-CPANfile,库,库
2061,perl-Module-Implementation,库,库
2062,perl-Module-Install,库,库
2063,perl-Module-Install-AuthorTests,库,库
2064,perl-Module-Install-ReadmeFromPod,库,库
2065,perl-Module-Load,库,库
2066,perl-Module-Load-Conditional,库,库
2067,perl-Module-Metadata,库,库
2068,perl-Module-Pluggable,库,库
2069,perl-Module-Runtime,库,库
2070,perl-Module-ScanDeps,库,库
2071,perl-Mozilla-CA,库,库
2072,perl-Mozilla-LDAP,库,库
2073,perl-MRO-Compat,库,库
2074,perl-namespace-autoclean,库,库
2075,perl-namespace-clean,库,库
2076,perl-NetAddr-IP,库,库
2077,perl-Net-DNS,库,库
2078,perl-Net-HTTP,库,库
2079,perl-Net-Server,库,库
2080,perl-Net-SMTP-SSL,库,库
2081,perl-Net-SSLeay,库,库
2082,perl-NTLM,库,库
2083,perl-Number-Compare,库,库
2084,perl-Object-HashBase,库,库
2085,perl-Package-DeprecationManager,库,库
2086,perl-Package-Generator,库,库
2087,perl-Package-Stash,库,库
2088,perl-Package-Stash-XS,库,库
2089,perl-PadWalker,库,库
2090,perl-Params-Check,库,库
2091,perl-Params-Classify,库,库
2092,perl-Params-Util,库,库
2093,perl-Params-Validate,库,库
2094,perl-Params-ValidationCompiler,库,库
2095,perl-parent,库,库
2096,perl-Parse-PMFile,库,库
2097,perl-Parse-Yapp,库,库
2098,perl-Path-Tiny,库,库
2099,perl-PathTools,库,库
2100,perl-Perl-Destruct-Level,库,库
2101,perl-perlfaq,库,库
2102,perl-PerlIO-utf8_strict,库,库
2103,perl-PerlIO-via-QuotedPrint,库,库
2104,perl-Perl-OSType,库,库
2105,perl-Pod-Checker,库,库
2106,perl-Pod-Coverage,库,库
2107,perl-Pod-Escapes,库,库
2108,perl-Pod-LaTeX,库,库
2109,perl-podlators,库,库
2110,perl-Pod-Markdown,库,库
2111,perl-Pod-Parser,库,库
2112,perl-Pod-Perldoc,库,库
2113,perl-Pod-Plainer,库,库
2114,perl-Pod-Simple,库,库
2115,perl-Pod-Usage,库,库
2116,perl-prefork,库,库
2117,perl-Readonly,库,库
2118,perl-Ref-Util,库,库
2119,perl-Ref-Util-XS,库,库
2120,perl-Role-Tiny,库,库
2121,perl-Scalar-List-Utils,库,库
2122,perl-Scope-Guard,库,库
2123,perl-SGMLSpm,库,库
2124,perl-SNMP_Session,库,库
2125,perl-Socket,库,库
2126,perl-Socket6,库,库
2127,perl-Software-License,库,库
2128,perl-Specio,库,库
2129,perl-srpm-macros,库,工具
2130,perl-Storable,库,库
2131,perl-String-CRC32,库,库
2132,perl-String-ShellQuote,库,库
2133,perl-Sub-Exporter,库,库
2134,perl-Sub-Exporter-Progressive,库,库
2135,perl-Sub-Identify,库,库
2136,perl-Sub-Info,库,库
2137,perl-Sub-Install,库,库
2138,perl-Sub-Name,库,库
2139,perl-Sub-Uplevel,库,库
2140,perl-SUPER,库,库
2141,perl-Switch,库,库
2142,perl-Sys-CPU,库,库
2143,perl-Sys-MemInfo,库,库
2144,perl-Sys-Syslog,库,库
2145,perl-Sys-Virt,库,服务
2146,perl-Taint-Runtime,库,库
2147,perl-Term-ANSIColor,库,库
2148,perl-Term-Cap,库,库
2149,perl-TermReadKey,库,库
2150,perl-Term-Size-Any,库,库
2151,perl-Term-Size-Perl,库,库
2152,perl-Term-Table,库,库
2153,perl-Test2-Suite,库,库
2154,perl-Test-Deep,库,库
2155,perl-Test-Differences,库,库
2156,perl-Test-Exception,库,库
2157,perl-Test-Fatal,库,库
2158,perl-Test-Harness,库,库
2159,perl-Test-LongString,库,库
2160,perl-Test-NoWarnings,库,库
2161,perl-Test-Pod,库,库
2162,perl-Test-Pod-Coverage,库,库
2163,perl-Test-Requires,库,库
2164,perl-Test-Simple,库,库
2165,perl-Test-Taint,库,库
2166,perl-Test-Warn,库,库
2167,perl-Test-Warnings,库,库
2168,perl-Text-Balanced,库,库
2169,perl-Text-CharWidth,库,库
2170,perl-Text-Diff,库,库
2171,perl-Text-Glob,库,库
2172,perl-Text-ParseWords,库,库
2173,perl-Text-Soundex,库,库
2174,perl-Text-Tabs+Wrap,库,库
2175,perl-Text-Template,库,库
2176,perl-Text-Unidecode,库,库
2177,perl-Text-WrapI18N,库,库
2178,perl-Thread-Queue,库,库
2179,perl-threads,库,库
2180,perl-threads-shared,库,库
2181,perltidy,库,库
2182,perl-Tie-IxHash,库,库
2183,perl-TimeDate,库,库
2184,perl-Time-HiRes,库,库
2185,perl-Time-Local,库,库
2186,perl-Tk,库,工具
2187,perl-Try-Tiny,库,库
2188,perl-Types-Serialiser,库,库
2189,perl-Unicode-Collate,库,库
2190,perl-Unicode-EastAsianWidth,库,库
2191,perl-Unicode-LineBreak,库,库
2192,perl-Unicode-Normalize,库,库
2193,perl-Unicode-UTF8,库,库
2194,perl-Unix-Syslog,库,服务
2195,perl-URI,库,库
2196,perl-Variable-Magic,库,库
2197,perl-version,库,库
2198,perl-WWW-RobotRules,库,库
2199,perl-XML-Catalog,库,库
2200,perl-XML-DOM,库,库
2201,perl-XML-LibXML,库,库
2202,perl-XML-LibXML-PrettyPrint,库,库
2203,perl-XML-NamespaceSupport,库,库
2204,perl-XML-Parser,库,库
2205,perl-XML-RegExp,库,库
2206,perl-XML-SAX,库,库
2207,perl-XML-SAX-Base,库,库
2208,perl-XML-Simple,库,库
2209,perl-XML-TokeParser,库,库
2210,perl-XML-Twig,库,库
2211,perl-XML-Writer,库,库
2212,perl-XML-XPath,库,库
2213,perl-YAML,库,库
2214,perl-YAML-LibYAML,库,库
2215,perl-YAML-Syck,库,库
2216,perl-YAML-Tiny,库,库
2217,pesign,工具,库
2218,pg_repack,库,服务
2219,pgaudit,库,服务
2220,phonon,库,库
2221,php,库,库
2222,php-pear,库,库
2223,php-pecl-apcu,库,工具
2224,php-pecl-rrd,库,工具
2225,php-pecl-xdebug,库,工具
2226,php-pecl-xdebug3,库,工具
2227,php-pecl-zip,库,工具
2228,pidgin,工具,服务
2229,pidgin-sipe,工具,服务
2230,pigz,工具,库
2231,pinentry,工具,服务
2232,pinfo,工具,工具
2233,pipewire0.2,服务,库
2234,pipewire,服务,库
2235,pixman,库,库
2236,pkgconf,工具,工具
2237,pki-core,服务,服务
2238,pki-servlet-engine,服务,工具
2239,plasma-breeze,工具,工具
2240,plexus-ant-factory,库,库
2241,plexus-archiver,库,工具
2242,plexus-bsh-factory,库,工具
2243,plexus-build-api,库,工具
2244,plexus-cipher,库,其它
2245,plexus-classworlds,库,库
2246,plexus-cli,库,工具
2247,plexus-compiler,库,工具
2248,plexus-component-api,库,库
2249,plexus-component-factories-pom,库,库
2250,plexus-components-pom,库,库
2251,plexus-containers,库,工具
2252,plexus-i18n,库,工具
2253,plexus-interactivity,库,工具
2254,plexus-interpolation,库,其它
2255,plexus-io,库,工具
2256,plexus-languages,库,库
2257,plexus-pom,库,其它
2258,plexus-resources,库,工具
2259,plexus-sec-dispatcher,库,工具
2260,plexus-utils,库,工具
2261,plexus-velocity,库,库
2262,plotutils,工具,工具
2263,plymouth,服务,服务
2264,pmdk,库,服务
2265,pmdk-convert,库,库
2266,pmix,库,库
2267,pnm2ppa,工具,工具
2268,po4a,工具,库
2269,podman,工具,库
2270,polardb,服务,工具
2271,policycoreutils,工具,工具
2272,polkit,库,其它
2273,polkit-pkla-compat,库,工具
2274,polkit-qt-1,库,库
2275,poppler,库,工具
2276,poppler-data,库,工具
2277,popt,库,库
2278,portreserve,工具,服务
2279,postfix,工具,服务
2280,postgres-decoderbufs,库,库
2281,postgresql,服务,服务
2282,postgresql-jdbc,库,其它
2283,postgresql-odbc,库,服务
2284,potrace,工具,工具
2285,powermock,库,工具
2286,powertop,工具,服务
2287,ppp,服务,服务
2288,pptp,工具,服务
2289,prefixdevname,工具,工具
2290,procmail,工具,工具
2291,procps-ng,工具,其它
2292,prometheus-jmx-exporter,服务,库
2293,protobuf,库,库
2294,protobuf-c,库,库
2295,ps_mem,工具,工具
2296,psacct,工具,服务
2297,psmisc,工具,工具
2298,publicsuffix-list,库,其它
2299,pugixml,库,库
2300,pulseaudio,服务,库
2301,py3c,库,库
2302,pyatspi,库,库
2303,pybind11,库,库
2304,pycairo,库,库
2305,pygobject2,库,库
2306,pygobject3,库,库
2307,pygtk2,库,服务
2308,pykickstart,工具,库
2309,pyodbc,库,库
2310,pyOpenSSL,库,库
2311,pyparsing,库,库
2312,pyparted,库,库
2313,pyserial,库,库
2314,pytest,库,库
2315,python2,工具,工具
2316,python2-pip,工具,库
2317,python2-pycairo,库,库
2318,python2-rpm-macros,库,库
2319,python2-setuptools,工具,库
2320,python2-six,库,库
2321,python3,库,库
2322,python36,工具,库
2323,python38,工具,库
2324,python39,工具,库
2325,python3-azure-sdk,库,库
2326,python3x-pip,工具,工具
2327,python3x-pyparsing,库,库
2328,python3x-setuptools,工具,工具
2329,python3x-six,库,库
2330,python-argcomplete,库,库
2331,python-argh,库,库
2332,python-asn1crypto,库,库
2333,python-atomicwrites,库,库
2334,python-attrs,库,库
2335,python-augeas,库,库
2336,python-backports,库,库
2337,python-backports-ssl_match_hostname,库,库
2338,python-blivet,库,工具
2339,python-boto3,库,库
2340,python-botocore,库,库
2341,python-cffi,库,库
2342,python-chardet,库,库
2343,python-click,库,库
2344,python-configobj,库,库
2345,python-configshell,库,库
2346,python-coverage,库,库
2347,python-cpio,库,库
2348,python-cryptography,库,库
2349,python-cups,库,工具
2350,python-dasbus,库,库
2351,python-dateutil,库,库
2352,python-dbus-client-gen,库,库
2353,python-dbus-python-client-gen,库,库
2354,python-dbus-signature-pyparsing,库,库
2355,python-decorator,库,库
2356,python-distro,库,库
2357,python-dmidecode,库,库
2358,python-dns,库,库
2359,python-docs,库,工具
2360,python-docutils,库,库
2361,python-enchant,库,库
2362,python-ethtool,库,库
2363,python-evdev,库,工具
2364,python-fasteners,库,库
2365,python-flask,库,库
2366,python-funcsigs,库,库
2367,python-gevent,库,库
2368,python-gflags,库,库
2369,python-greenlet,库,库
2370,python-gssapi,库,服务
2371,python-html5lib,库,库
2372,python-httplib2,库,库
2373,python-humanize,库,其它
2374,python-hwdata,库,库
2375,python-hypothesis,库,库
2376,python-idna,库,库
2377,python-imagesize,库,库
2378,python-iniconfig,库,库
2379,python-iniparse,库,库
2380,python-inotify,库,库
2381,python-into-dbus-python,库,库
2382,python-ipaddress,库,其它
2383,python-iso8601,库,库
2384,python-itsdangerous,库,库
2385,python-jinja2,库,库
2386,python-jmespath,库,库
2387,python-jsonpatch,库,库
2388,python-jsonpointer,库,库
2389,python-jsonschema,库,库
2390,python-justbases,库,库
2391,python-justbytes,库,库
2392,python-jwcrypto,库,库
2393,python-jwt,库,库
2394,python-kdcproxy,库,库
2395,python-kmod,库,库
2396,python-ldap,库,库
2397,python-lesscpy,库,库
2398,python-linux-procfs,库,工具
2399,python-lit,库,库
2400,python-lxml,库,库
2401,python-mako,库,库
2402,python-markdown,库,库
2403,python-markupsafe,库,库
2404,python-meh,库,库
2405,python-mock,库,库
2406,python-more-itertools,库,库
2407,python-netaddr,库,库
2408,python-netifaces,库,库
2409,python-networkx,库,库
2410,python-nose,库,工具
2411,python-nss,库,库
2412,python-ntplib,库,库
2413,python-oauth2client,库,库
2414,python-oauthlib,库,库
2415,python-ordered-set,库,库
2416,python-packaging,库,库
2417,python-pexpect,库,库
2418,python-pid,库,库
2419,python-pillow,库,工具
2420,python-pip,库,库
2421,python-pluggy,库,库
2422,python-ply,库,库
2423,python-podman,库,库
2424,python-podman-api,库,工具
2425,python-prettytable,库,库
2426,python-productmd,库,库
2427,python-psutil,库,库
2428,python-psycopg2,库,库
2429,python-ptyprocess,库,其它
2430,python-py,库,库
2431,python-pyasn1,库,库
2432,python-pycparser,库,库
2433,python-pycurl,库,库
2434,python-pydbus,库,库
2435,python-pyghmi,库,库
2436,python-pygments,库,库
2437,python-pymongo,库,库
2438,python-PyMySQL,库,库
2439,python-pysocks,库,库
2440,python-pytest-mock,库,库
2441,python-pytoml,库,库
2442,python-pyudev,库,库
2443,python-qrcode,库,库
2444,python-qt5,库,库
2445,python-reportlab,库,库
2446,python-requests,库,库
2447,python-requests-file,库,库
2448,python-requests-ftp,库,库
2449,python-requests-oauthlib,库,库
2450,python-resolvelib,库,库
2451,python-rpmfluff,库,库
2452,python-rpm-generators,库,库
2453,python-rpm-macros,库,其它
2454,python-rtslib,库,库
2455,python-s3transfer,库,库
2456,python-schedutils,库,库
2457,python-scour,库,库
2458,python-semantic_version,库,库
2459,python-setuptools_scm,库,库
2460,python-setuptools,库,库
2461,python-simpleline,库,库
2462,python-six,库,库
2463,python-slip,库,库
2464,python-snowballstemmer,库,库
2465,python-sphinx_rtd_theme,库,其它
2466,python-sphinx,库,工具
2467,python-sphinxcontrib-websupport,库,库
2468,python-sphinx-theme-alabaster,库,库
2469,python-sqlalchemy,库,库
2470,python-suds,库,库
2471,python-sure,库,库
2472,python-sushy,库,库
2473,python-systemd,库,服务
2474,python-toml,库,库
2475,python-unittest2,库,库
2476,python-uritemplate,库,库
2477,python-urllib3,库,库
2478,python-urwid,库,库
2479,python-varlink,库,库
2480,python-virtualenv,库,工具
2481,python-wcwidth,库,工具
2482,python-webencodings,库,库
2483,python-werkzeug,库,工具
2484,python-wheel,库,工具
2485,python-whoosh,库,库
2486,python-yubico,库,库
2487,pytz,库,库
2488,pyusb,库,库
2489,pywbem,库,工具
2490,pyxattr,库,库
2491,pyxdg,库,库
2492,PyYAML,库,库
2493,qatengine,工具,服务
2494,qatlib,库,服务
2495,qatzip,库,服务
2496,qdox,库,库
2497,qemu-kvm,工具,服务
2498,qgnomeplatform,库,库
2499,qhull,库,库
2500,qpdf,工具,库
2501,qperf,工具,库
2502,qrencode,工具,工具
2503,qt5,库,工具
2504,qt5-doc,库,库
2505,qt5-qt3d,库,库
2506,qt5-qtbase,库,库
2507,qt5-qtcanvas3d,库,库
2508,qt5-qtconnectivity,库,库
2509,qt5-qtdeclarative,库,库
2510,qt5-qtdoc,库,库
2511,qt5-qtgraphicaleffects,库,库
2512,qt5-qtimageformats,库,库
2513,qt5-qtlocation,库,库
2514,qt5-qtmultimedia,库,库
2515,qt5-qtquickcontrols2,库,库
2516,qt5-qtquickcontrols,库,库
2517,qt5-qtscript,库,库
2518,qt5-qtsensors,库,库
2519,qt5-qtserialbus,库,库
2520,qt5-qtserialport,库,库
2521,qt5-qtsvg,库,库
2522,qt5-qttools,库,工具
2523,qt5-qttranslations,库,库
2524,qt5-qtvirtualkeyboard,库,库
2525,qt5-qtwayland,库,库
2526,qt5-qtwebchannel,库,库
2527,qt5-qtwebengine,库,工具
2528,qt5-qtwebsockets,库,库
2529,qt5-qtx11extras,库,库
2530,qt5-qtxmlpatterns,库,库
2531,qtchooser,工具,库
2532,quota,工具,服务
2533,radvd,工具,服务
2534,raptor2,工具,库
2535,rar,工具,库
2536,rarian,工具,工具
2537,rasdaemon,服务,服务
2538,rasqal,库,库
2539,rdma-core,库,服务
2540,re2,工具,库
2541,re2c,工具,库
2542,readline,库,工具
2543,realmd,服务,服务
2544,rear,工具,服务
2545,recode,工具,工具
2546,redfish-finder,工具,工具
2547,redhat-lsb,工具,库
2548,redhat-menus,工具,工具
2549,redhat-rpm-config,工具,工具
2550,redhat-support-lib-python,库,库
2551,redhat-support-tool,工具,库
2552,redis,服务,工具
2553,redland,库,库
2554,regexp,库,库
2555,relaxngDatatype,库,库
2556,resource-agents,服务,工具
2557,rest,库,库
2558,resteasy,库,库
2559,rhythmbox,工具,库
2560,rig,工具,工具
2561,rng-tools,服务,服务
2562,rocketmq,服务,库
2563,rootfiles,服务,其它
2564,rpcbind,服务,服务
2565,rpcsvc-proto,工具,库
2566,rpm,工具,库
2567,rpmdevtools,工具,工具
2568,rpmlint,工具,工具
2569,rpm-mpi-hooks,工具,库
2570,rpm-ostree,工具,工具
2571,rrdtool,工具,工具
2572,rshim,服务,服务
2573,rsync,服务,工具
2574,rsyslog,服务,服务
2575,rtkit,服务,其它
2576,rt-tests,工具,其它
2577,rubberband,库,库
2578,ruby,库,库
2579,rubygem-abrt,库,库
2580,rubygem-bson,库,库
2581,rubygem-bundler,库,库
2582,rubygem-diff-lcs,库,库
2583,rubygem-mongo,库,库
2584,rubygem-mysql2,库,库
2585,rubygem-pg,库,库
2586,rubygem-rspec,库,库
2587,rubygem-rspec-core,库,库
2588,rubygem-rspec-expectations,库,库
2589,rubygem-rspec-mocks,库,库
2590,rubygem-rspec-support,库,库
2591,runc,服务,库
2592,rust,库,库
2593,rust-srpm-macros,库,库
2594,rust-toolset,库,服务
2595,saab-fonts,其它,其它
2596,sac,库,库
2597,samba,服务,服务
2598,samyak-fonts,其它,其它
2599,sane-backends,工具,其它
2600,sane-frontends,工具,工具
2601,sanlock,服务,服务
2602,sassist,工具,服务
2603,sat4j,库,库
2604,satyr,库,工具
2605,sbc,库,库
2606,sbd,库,工具
2607,sblim-cmpi-base,库,工具
2608,sblim-cmpi-devel,库,库
2609,sblim-gather,库,工具
2610,sblim-indication_helper,库,库
2611,sblim-sfcb,库,服务
2612,sblim-sfcc,库,库
2613,sblim-sfcCommon,库,库
2614,sblim-wbemcli,库,库
2615,scala,工具,库
2616,scap-security-guide,工具,其它
2617,scap-workbench,工具,库
2618,scipy,库,库
2619,scl-utils,工具,库
2620,scons,工具,库
2621,scotch,库,库
2622,scrub,工具,库
2623,SDL,库,库
2624,SDL2,库,库
2625,seabios,工具,库
2626,seahorse,工具,服务
2627,sed,工具,工具
2628,selinux-policy,工具,服务
2629,sendmail,工具,服务
2630,setools,工具,工具
2631,setroubleshoot,工具,工具
2632,setroubleshoot-plugins,工具,工具
2633,setserial,工具,库
2634,setup,服务,其它
2635,sevctl,工具,库
2636,sg3_utils,工具,库
2637,sgabios,工具,其它
2638,sgml-common,工具,其它
2639,sgpio,工具,工具
2640,shadow-utils,工具,服务
2641,shared-mime-info,库,工具
2642,sharutils,工具,工具
2643,shim,其它,其它
2644,shim-unsigned-x64,其它,其它
2645,sil-abyssinica-fonts,其它,其它
2646,sil-nuosu-fonts,其它,其它
2647,sil-padauk-fonts,其它,其它
2648,sil-scheherazade-fonts,其它,其它
2649,sip,工具,库
2650,sisu,库,工具
2651,sisu-mojos,库,工具
2652,si-units,库,库
2653,skkdic,库,工具
2654,skopeo,工具,工具
2655,slang,库,库
2656,slapi-nis,库,服务
2657,slf4j,库,其它
2658,slirp4netns,工具,库
2659,smartmontools,工具,服务
2660,smc-fonts,其它,其它
2661,smc-tools,工具,工具
2662,snappy,库,库
2663,socat,工具,工具
2664,socket_wrapper,库,工具
2665,softhsm,工具,服务
2666,sombok,库,库
2667,sos,工具,工具
2668,sos-collector,工具,库
2669,sound-theme-freedesktop,工具,工具
2670,soundtouch,库,库
2671,soxr,库,库
2672,spamassassin,工具,工具
2673,spec-version-maven-plugin,库,工具
2674,speech-dispatcher,库,库
2675,speex,库,库
2676,speexdsp,库,库
2677,spice,服务,服务
2678,spice-client-win,工具,库
2679,spice-gtk,库,服务
2680,spice-parent,库,库
2681,spice-protocol,库,工具
2682,spice-qxl-wddm-dod,库,其它
2683,spice-streaming-agent,库,库
2684,spice-vdagent,库,库
2685,spice-vdagent-win,库,库
2686,spirv-tools,工具,库
2687,splix,库,服务
2688,sqlite,库,库
2689,squashfs-tools,工具,库
2690,squid,服务,服务
2691,srt,工具,库
2692,ssar,工具,库
2693,sscg,工具,库
2694,sshpass,工具,服务
2695,sssd,服务,服务
2696,stalld,服务,服务
2697,star,工具,工具
2698,startdde,工具,服务
2699,startup-notification,工具,服务
2700,stax-ex,库,库
2701,stix-fonts,其它,其它
2702,strace,工具,工具
2703,stratis-cli,工具,工具
2704,stratisd,服务,服务
2705,stress-ng,工具,库
2706,stunnel,库,服务
2707,subscription-manager-migration-data,工具,其它
2708,subversion,工具,库
2709,sudo,工具,工具
2710,sushi,工具,服务
2711,swig,库,工具
2712,switcheroo-control,服务,服务
2713,swtpm,库,库
2714,symlinks,工具,工具
2715,sysfsutils,工具,工具
2716,syslinux,工具,服务
2717,system-config-printer,库,工具
2718,systemd,其它,其它
2719,system-lsb,服务,工具
2720,system-storage-manager,工具,服务
2721,systemtap,工具,工具
2722,taglib,库,库
2723,tagsoup,库,库
2724,tang,服务,工具
2725,tar,工具,工具
2726,targetcli,工具,库
2727,tbb,库,库
2728,tboot,服务,服务
2729,tcl,库,库
2730,tcpdump,工具,服务
2731,tcsh,工具,服务
2732,teckit,工具,库
2733,telnet,服务,服务
2734,tengine,服务,服务
2735,tesseract,工具,库
2736,tesseract-tessdata,工具,其它
2737,testng,库,其它
2738,tex-fonts-hebrew,其它,其它
2739,texi2html,工具,工具
2740,texinfo,工具,工具
2741,texlive,工具,其它
2742,tftp,服务,工具
2743,thermald,服务,库
2744,thunderbird,工具,库
2745,tibetan-machine-uni-fonts,其它,其它
2746,tigervnc,服务,服务
2747,time,工具,工具
2748,timedatex,服务,库
2749,tinycdb,库,库
2750,tinyxml2,库,库
2751,tix,工具,库
2752,tk,库,库
2753,tlog,工具,工具
2754,tmpwatch,工具,服务
2755,tmux,工具,服务
2756,tog-pegasus,服务,工具
2757,tokyocabinet,库,库
2758,tomcatjss,库,库
2759,toolbox,工具,工具
2760,torque,服务,服务
2761,totem,工具,服务
2762,totem-pl-parser,工具,库
2763,tpm2-abrmd,工具,服务
2764,tpm2-abrmd-selinux,工具,工具
2765,tpm2-tools,工具,库
2766,tpm2-tss,工具,服务
2767,tpm-quote-tools,工具,库
2768,tpm-tools,工具,库
2769,trace-cmd,工具,工具
2770,tracer,工具,库
2771,traceroute,工具,工具
2772,tracker,工具,工具
2773,tracker-miners,工具,服务
2774,transfig,工具,工具
2775,tree,工具,工具
2776,trousers,库,服务
2777,tss2,工具,服务
2778,ttmkfdir,工具,库
2779,tuna,工具,库
2780,tuned,服务,工具
2781,twolame,库,库
2782,tzdata,服务,工具
2783,uchardet,库,库
2784,ucs-miscfixed-fonts,其它,其它
2785,ucx,库,库
2786,udftools,工具,服务
2787,udica,工具,工具
2788,udisks2,工具,服务
2789,udisks2-qt5,库,库
2790,uglify-js,库,库
2791,uid_wrapper,库,工具
2792,unbound,工具,库
2793,unicode-ucd,库,其它
2794,unique,库,工具
2795,unit-api,库,库
2796,units,工具,工具
2797,univocity-parsers,库,其它
2798,unixODBC,库,工具
2799,unrar,工具,库
2800,unzip,工具,工具
2801,uom-lib,库,库
2802,uom-parent,库,库
2803,uom-se,库,库
2804,uom-systems,库,库
2805,update-motd,服务,服务
2806,upower,服务,库
2807,urw-base35-fonts,其它,其它
2808,usb_modeswitch,服务,服务
2809,usb_modeswitch-data,服务,其它
2810,usbguard,库,库
2811,usbmuxd,服务,服务
2812,usbredir,库,库
2813,usbutils,工具,其它
2814,usermode,工具,工具
2815,userspace-rcu,库,库
2816,ustr,库,库
2817,utf8proc,库,库
2818,util-linux,工具,库
2819,uuid,工具,库
2820,v4l-utils,库,库
2821,vala,库,工具
2822,valgrind,工具,库
2823,vamp-plugin-sdk,库,库
2824,vapoursynth,库,库
2825,varnish,库,服务
2826,varnish-modules,库,服务
2827,vdo,工具,工具
2828,velocity,库,库
2829,vhostmd,服务,服务
2830,vid.stab,库,库
2831,vim,工具,库
2832,vinagre,工具,服务
2833,vino,服务,工具
2834,virtio-win,工具,库
2835,virt-manager,工具,服务
2836,virt-p2v,工具,工具
2837,virt-top,工具,服务
2838,virt-v2v,工具,工具
2839,virt-viewer,工具,服务
2840,virt-what,工具,服务
2841,vmaf,库,库
2842,vo-amrwbenc,库,库
2843,volume_key,工具,工具
2844,vorbis-tools,工具,工具
2845,vsftpd,服务,服务
2846,vte291,库,库
2847,vulkan-headers,库,库
2848,vulkan-loader,服务,库
2849,vulkan-tools,工具,库
2850,vulkan-validation-layers,工具,库
2851,waf,库,库
2852,WALinuxAgent,工具,服务
2853,watchdog,服务,服务
2854,wavpack,库,库
2855,wayland,库,库
2856,wayland-protocols,库,库
2857,web-assets,工具,其它
2858,webkit2gtk3,库,库
2859,webrtc-audio-processing,库,库
2860,weld-parent,库,库
2861,weldr-client,工具,库
2862,wget,工具,工具
2863,which,工具,库
2864,whois,工具,工具
2865,wireshark,工具,服务
2866,woff2,工具,库
2867,words,工具,工具
2868,wpa_supplicant,工具,服务
2869,wqy-microhei-fonts,其它,其它
2870,wqy-unibit-fonts,其它,其它
2871,wsmancli,工具,库
2872,x264,库,库
2873,x265,库,库
2874,x3270,工具,工具
2875,xalan-j2,库,库
2876,xapian-core,库,库
2877,Xaw3d,工具,库
2878,xbean,库,工具
2879,xcb-proto,库,工具
2880,xcb-util,库,库
2881,xcb-util-cursor,库,库
2882,xcb-util-image,库,库
2883,xcb-util-keysyms,库,库
2884,xcb-util-renderutil,库,库
2885,xcb-util-wm,库,库
2886,xdelta,工具,库
2887,xdg-desktop-portal,服务,服务
2888,xdg-desktop-portal-gtk,服务,服务
2889,xdg-user-dirs,服务,服务
2890,xdg-user-dirs-gtk,服务,服务
2891,xdg-utils,服务,工具
2892,xdp-tools,服务,服务
2893,xerces-c,库,库
2894,xerces-j2,库,库
2895,xfsdump,工具,服务
2896,xfsprogs,工具,工具
2897,xhtml1-dtds,工具,工具
2898,xinetd,服务,服务
2899,xkeyboard-config,库,其它
2900,xml-commons-apis,库,库
2901,xml-commons-resolver,库,库
2902,xmlgraphics-commons,库,库
2903,xmlrpc-c,库,库
2904,xmlsec1,库,库
2905,xmlstreambuffer,库,其它
2906,xmlto,工具,工具
2907,xmltoman,工具,库
2908,xmlunit,库,库
2909,xmvn,库,工具
2910,xorg-sgml-doctools,工具,工具
2911,xorg-x11-apps,服务,库
2912,xorg-x11-docs,服务,库
2913,xorg-x11-drivers,服务,服务
2914,xorg-x11-drv-ati,服务,服务
2915,xorg-x11-drv-dummy,服务,服务
2916,xorg-x11-drv-evdev,服务,服务
2917,xorg-x11-drv-fbdev,服务,服务
2918,xorg-x11-drv-intel,服务,库
2919,xorg-x11-drv-libinput,服务,服务
2920,xorg-x11-drv-nouveau,服务,服务
2921,xorg-x11-drv-qxl,服务,服务
2922,xorg-x11-drv-v4l,服务,服务
2923,xorg-x11-drv-vesa,服务,服务
2924,xorg-x11-drv-vmware,服务,服务
2925,xorg-x11-drv-wacom,服务,库
2926,xorg-x11-fonts,其它,其它
2927,xorg-x11-font-utils,工具,工具
2928,xorg-x11-proto-devel,服务,库
2929,xorg-x11-server,服务,服务
2930,xorg-x11-server-utils,工具,库
2931,xorg-x11-server-Xwayland,服务,服务
2932,xorg-x11-util-macros,工具,工具
2933,xorg-x11-utils,工具,库
2934,xorg-x11-xauth,工具,工具
2935,xorg-x11-xbitmaps,库,库
2936,xorg-x11-xinit,服务,工具
2937,xorg-x11-xkb-utils,工具,库
2938,xorg-x11-xtrans-devel,库,库
2939,xrestop,工具,库
2940,xsane,库,工具
2941,xsettingsd,服务,库
2942,xsom,库,库
2943,xterm,工具,库
2944,xvidcore,库,库
2945,xz,工具,库
2946,xz-java,库,库
2947,yajl,库,库
2948,yasm,库,库
2949,yelp,工具,服务
2950,yelp-tools,工具,工具
2951,yelp-xsl,工具,其它
2952,ypbind,服务,服务
2953,ypserv,服务,服务
2954,yp-tools,工具,服务
2955,zaf,工具,库
2956,zenity,工具,服务
2957,zeromq3,服务,库
2958,zimg,库,库
2959,zip,工具,工具
2960,zlib,库,库
2961,zsh,工具,工具
2962,zssh,工具,工具
2963,zstd,库,库
2964,zvbi,其它,其它
2965,zziplib,库,库
