﻿idx,name,y_true,y_predict
0,389-ds-base,系统,核心
1,a52dec,应用,核心
2,aajohan-comfortaa-fonts,其它,其它
3,abattis-cantarell-fonts,其它,其它
4,abrt,应用,系统
5,abrt-java-connector,应用,应用
6,accel-config,应用,系统
7,accountsservice,应用,应用
8,acl,核心,核心
9,acpica-tools,系统,系统
10,acpid,系统,系统
11,adcli,应用,应用
12,adobe-mappings-cmap,应用,应用
13,adobe-mappings-pdf,应用,应用
14,adwaita-icon-theme,应用,核心
15,adwaita-qt,应用,应用
16,aide,应用,应用
17,alsa-firmware,系统,系统
18,alsa-lib,系统,核心
19,alsa-plugins,系统,应用
20,alsa-sof-firmware,系统,核心
21,alsa-tools,系统,系统
22,alsa-utils,系统,核心
23,amanda,应用,系统
24,anaconda,系统,应用
25,anaconda-user-help,系统,系统
26,annobin,应用,系统
27,anolis-indexhtml,核心,核心
28,anolis-logos,核心,核心
29,anolis-rawhide-release,核心,核心
30,anolis-release,核心,核心
31,ansible-collection-microsoft-sql,应用,系统
32,ansible-core,应用,系统
33,ansible-freeipa,应用,系统
34,ansible-pcp,应用,核心
35,ant,应用,应用
36,ant-contrib,应用,应用
37,antlr,应用,应用
38,aom,应用,核心
39,aopalliance,应用,应用
40,apache-commons-beanutils,应用,应用
41,apache-commons-cli,应用,应用
42,apache-commons-codec,应用,应用
43,apache-commons-collections,应用,应用
44,apache-commons-compress,应用,应用
45,apache-commons-exec,应用,应用
46,apache-commons-io,应用,应用
47,apache-commons-jxpath,应用,应用
48,apache-commons-lang,应用,应用
49,apache-commons-lang3,应用,应用
50,apache-commons-logging,应用,应用
51,apache-commons-net,应用,应用
52,apache-commons-parent,应用,应用
53,apache-ivy,应用,应用
54,apache-parent,应用,应用
55,apache-resource-bundles,应用,应用
56,apiguardian,应用,应用
57,appstream-data,应用,核心
58,apr,应用,核心
59,apr-util,应用,核心
60,aqute-bnd,应用,应用
61,arpwatch,应用,系统
62,asciidoc,应用,应用
63,aspell,应用,系统
64,aspell-en,应用,应用
65,assertj-core,应用,应用
66,at,系统,核心
67,atinject,应用,应用
68,atk,应用,应用
69,atkmm,应用,应用
70,atlas,系统,核心
71,at-spi2-atk,应用,应用
72,at-spi2-core,应用,应用
73,attr,核心,核心
74,audit,核心,核心
75,augeas,应用,应用
76,authd,系统,系统
77,authselect,系统,系统
78,autoconf,应用,系统
79,autoconf213,应用,核心
80,autoconf-archive,应用,系统
81,autofs,应用,核心
82,autogen,应用,应用
83,automake,应用,系统
84,autotrace,应用,应用
85,avahi,应用,应用
86,awscli,应用,系统
87,babassl,系统,应用
88,babel,应用,系统
89,babeltrace,系统,应用
90,babl,应用,应用
91,bacula,应用,核心
92,baobab,应用,应用
93,basesystem,核心,核心
94,bash,核心,核心
95,bash-completion,应用,应用
96,batik,应用,应用
97,bc,系统,核心
98,bcc,应用,系统
99,bcel,应用,应用
100,bea-stax,应用,应用
101,beust-jcommander,应用,应用
102,bind,系统,系统
103,bind9.16,系统,系统
104,bind-dyndb-ldap,系统,应用
105,binutils,系统,核心
106,biosdevname,系统,核心
107,bison,系统,系统
108,bitmap-fonts,其它,其它
109,blktrace,系统,系统
110,bluez,系统,应用
111,blur-effect,应用,应用
112,bogofilter,应用,核心
113,bolt,应用,核心
114,boom-boot,系统,系统
115,boost,应用,系统
116,booth,应用,应用
117,bpftrace,应用,核心
118,bpg-fonts,其它,其它
119,brasero,应用,应用
120,breeze-icon-theme,应用,核心
121,brltty,应用,核心
122,brotli,应用,系统
123,bsf,应用,应用
124,bsh,应用,应用
125,bubblewrap,应用,核心
126,buildah,应用,应用
127,byacc,应用,系统
128,byaccj,应用,系统
129,byteman,应用,应用
130,byzanz,应用,应用
131,bzip2,核心,核心
132,c2esp,应用,应用
133,ca-certificates,系统,系统
134,cachefilesd,系统,系统
135,cairo,系统,应用
136,cairomm,系统,应用
137,cal10n,应用,应用
138,c-ares,应用,系统
139,cdi-api,应用,应用
140,cdparanoia,应用,核心
141,cdrdao,应用,应用
142,cdrkit,应用,系统
143,celt051,应用,应用
144,ceph,其它,其它
145,certmonger,应用,应用
146,cgdcbxd,应用,系统
147,cglib,应用,应用
148,chan,应用,系统
149,check,应用,系统
150,checkpolicy,系统,系统
151,cheese,应用,应用
152,chkconfig,系统,系统
153,chrome-gnome-shell,其它,系统
154,chrony,系统,核心
155,chrpath,应用,核心
156,cifs-utils,系统,核心
157,cim-schema,应用,系统
158,cjose,应用,核心
159,clang,系统,系统
160,cldr-emoji-annotation,应用,核心
161,clevis,系统,应用
162,cloud-init,系统,系统
163,cloud-utils-growpart,系统,应用
164,clucene,应用,应用
165,clufter,系统,核心
166,clutter,系统,应用
167,clutter-gst2,系统,应用
168,clutter-gst3,系统,应用
169,clutter-gtk,应用,应用
170,cmake,应用,应用
171,cmocka,应用,系统
172,cockpit,应用,核心
173,cockpit-appstream,应用,应用
174,cockpit-composer,应用,核心
175,cockpit-podman,应用,核心
176,cockpit-session-recording,应用,应用
177,codemodel,应用,应用
178,cogl,应用,应用
179,colord,应用,应用
180,colord-gtk,应用,应用
181,color-filesystem,应用,核心
182,compat-exiv2-026,应用,核心
183,compat-guile18,应用,应用
184,compat-libgfortran-48,应用,核心
185,compat-libtiff3,应用,应用
186,compat-openssl10,应用,核心
187,compiler-rt,系统,系统
188,conmon,应用,应用
189,conntrack-tools,应用,系统
190,containerd,应用,系统
191,container-exception-logger,应用,系统
192,containernetworking-plugins,应用,系统
193,containers-common,应用,核心
194,container-selinux,应用,应用
195,convmv,应用,系统
196,copy-jdk-configs,应用,核心
197,coreos-installer,应用,核心
198,coreutils,系统,核心
199,corosync,应用,核心
200,corosync-qdevice,应用,系统
201,cpio,系统,系统
202,cppcheck,应用,核心
203,cppunit,应用,系统
204,cracklib,系统,核心
205,crash,应用,核心
206,crash-gcore-command,应用,核心
207,crash-ptdump-command,应用,系统
208,crash-trace-command,应用,应用
209,crda,应用,应用
210,createrepo_c,应用,应用
211,cri-tools,应用,系统
212,criu,应用,系统
213,cronie,系统,系统
214,crontabs,系统,核心
215,crun,应用,核心
216,crypto-policies,系统,系统
217,cryptsetup,核心,核心
218,cscope,应用,核心
219,ctags,应用,核心
220,culmus-fonts,其它,其它
221,CUnit,应用,系统
222,cups,应用,应用
223,cups-filters,应用,应用
224,cups-pk-helper,应用,应用
225,curl,系统,应用
226,custodia,应用,系统
227,cyrus-imapd,应用,系统
228,cyrus-sasl,应用,应用
229,Cython,系统,系统
230,dav1d,应用,核心
231,dblatex,应用,其它
232,dbus,其它,其它
233,dbus-c++,系统,核心
234,dbus-glib,系统,应用
235,dbusmenu-qt,应用,应用
236,dbus-python,系统,应用
237,dbxtool,系统,系统
238,dconf,系统,应用
239,dconf-editor,应用,应用
240,dcraw,应用,核心
241,dde,应用,应用
242,dde-account-faces,应用,应用
243,dde-api,应用,系统
244,dde-calendar,应用,应用
245,dde-clipboard,应用,应用
246,dde-control-center,应用,应用
247,dde-daemon,应用,应用
248,dde-device-formatter,应用,应用
249,dde-dock,应用,应用
250,dde-file-manager,应用,应用
251,dde-kwin,应用,应用
252,dde-launcher,应用,应用
253,dde-network-utils,应用,应用
254,dde-polkit-agent,应用,应用
255,dde-printer,应用,应用
256,dde-qt5integration,应用,应用
257,dde-qt5platform-plugins,应用,应用
258,dde-qt-dbus-factory,应用,应用
259,dde-server-industry-config,应用,核心
260,dde-session-shell,应用,应用
261,dde-session-ui,应用,应用
262,deepin-anything,应用,应用
263,deepin-authenticate,应用,应用
264,deepin-boot-maker,应用,应用
265,deepin-calculator,应用,应用
266,deepin-compressor,应用,应用
267,deepin-default-settings,应用,系统
268,deepin-desktop-base,应用,核心
269,deepin-desktop-schemas,应用,核心
270,deepin-devicemanager,应用,应用
271,deepin-diskmanager,应用,应用
272,deepin-editor,应用,应用
273,deepin-fcitxconfigtool-plugin,应用,应用
274,deepin-font-manager,应用,应用
275,deepin-gettext-tools,应用,应用
276,deepin-gtk-theme,应用,核心
277,deepin-icon-theme,应用,核心
278,deepin-image-viewer,应用,应用
279,deepin-log-viewer,应用,应用
280,deepin-manual,应用,应用
281,deepin-menu,应用,应用
282,deepin-network-proxy,应用,应用
283,deepin-picker,应用,应用
284,deepin-pw-check,应用,应用
285,deepin-reader,应用,应用
286,deepin-screen-recorder,应用,应用
287,deepin-shortcut-viewer,应用,应用
288,deepin-sound-theme,应用,核心
289,deepin-system-monitor,应用,应用
290,deepin-terminal,应用,应用
291,deepin-turbo,应用,应用
292,deepin-wallpapers,应用,系统
293,dejagnu,应用,应用
294,dejavu-fonts,其它,其它
295,delve,应用,系统
296,desktop-file-utils,应用,应用
297,devhelp,应用,应用
298,device-mapper-multipath,系统,系统
299,device-mapper-persistent-data,系统,核心
300,dhcp,系统,核心
301,dialog,应用,核心
302,diffstat,应用,系统
303,diffutils,系统,核心
304,ding-libs,应用,核心
305,directory-maven-plugin,应用,应用
306,disomaster,应用,应用
307,disruptor,应用,应用
308,djvulibre,应用,应用
309,dleyna-connector-dbus,应用,应用
310,dleyna-core,应用,应用
311,dleyna-renderer,应用,应用
312,dleyna-server,应用,应用
313,dlm,系统,核心
314,dmidecode,系统,核心
315,dnf,系统,系统
316,dnf-plugin-releasever-adapter,系统,核心
317,dnf-plugins-core,系统,系统
318,dnsmasq,系统,核心
319,dnssec-trigger,应用,应用
320,docbook2X,应用,应用
321,docbook5-schemas,应用,系统
322,docbook-dtds,应用,核心
323,docbook-style-dsssl,应用,应用
324,docbook-style-xsl,应用,应用
325,docbook-utils,应用,系统
326,docker,应用,系统
327,dos2unix,应用,核心
328,dosfstools,应用,核心
329,dotconf,应用,核心
330,dotnet,应用,应用
331,dotnet3.0,应用,应用
332,dotnet3.1,应用,核心
333,dotnet5.0,应用,核心
334,dotnet5.0-build-reference-packages,应用,核心
335,dotnet6.0,应用,核心
336,dotnet-build-reference-packages,应用,核心
337,dovecot,应用,系统
338,doxygen,应用,应用
339,dpa-ext-gnomekeyring,应用,应用
340,dpdk,系统,系统
341,dracut,核心,核心
342,Dragonfly,应用,其它
343,driverctl,系统,系统
344,dropwatch,应用,应用
345,drpm,应用,核心
346,dtc,应用,核心
347,dtkcommon,应用,应用
348,dtkcore,应用,应用
349,dtkgui,应用,应用
350,dtkwidget,应用,应用
351,dump,应用,应用
352,dvd+rw-tools,应用,系统
353,dwarves,应用,核心
354,dwz,应用,核心
355,dyninst,应用,核心
356,e2fsprogs,系统,应用
357,easymock,应用,应用
358,eclipse,应用,应用
359,eclipse-ecf,应用,应用
360,eclipse-emf,应用,应用
361,ed,应用,系统
362,edk2,应用,核心
363,ee4j-parent,应用,应用
364,efibootmgr,核心,核心
365,efi-rpm-macros,系统,核心
366,efivar,其它,其它
367,egl-wayland,应用,应用
368,elfutils,核心,核心
369,elinks,应用,核心
370,emacs,应用,核心
371,enca,应用,核心
372,enchant,应用,应用
373,enchant2,应用,应用
374,enscript,应用,系统
375,eog,应用,应用
376,epel-aliyuncs-release,核心,核心
377,epel-release,核心,核心
378,epel-rpm-macros,核心,核心
379,erofs-utils,系统,应用
380,esc,应用,应用
381,espeak-ng,应用,核心
382,ethtool,系统,系统
383,eth-tools,系统,应用
384,evemu,系统,系统
385,evince,应用,应用
386,evolution,应用,应用
387,evolution-data-server,应用,应用
388,evolution-ews,应用,应用
389,evolution-mapi,应用,应用
390,exec-maven-plugin,应用,应用
391,execstack,应用,应用
392,exempi,应用,核心
393,exfat-utils,系统,核心
394,exiv2,应用,核心
395,expat,系统,核心
396,expect,应用,核心
397,f32-backgrounds,应用,核心
398,faad2,应用,核心
399,fabtests,应用,应用
400,fapolicyd,应用,核心
401,farstream02,应用,核心
402,fcitx,应用,核心
403,fcitx-configtool,应用,应用
404,fcitx-qt5,应用,应用
405,fcoe-utils,系统,系统
406,felix-gogo-command,应用,应用
407,felix-gogo-runtime,应用,应用
408,felix-gogo-shell,应用,应用
409,felix-osgi-compendium,应用,应用
410,felix-osgi-core,应用,应用
411,felix-osgi-foundation,应用,应用
412,felix-parent,应用,应用
413,felix-scr,应用,应用
414,felix-utils,应用,应用
415,fence-agents,应用,系统
416,fence-virt,应用,核心
417,fetchmail,应用,应用
418,ffmpeg,应用,应用
419,ffmpegthumbnailer,应用,应用
420,fftw,应用,系统
421,fido-device-onboard,应用,核心
422,file,应用,核心
423,file-roller,系统,应用
424,filesystem,核心,核心
425,findutils,系统,核心
426,fio,应用,应用
427,fipscheck,应用,核心
428,firefox,应用,应用
429,firewalld,系统,应用
430,flac,应用,应用
431,flatpak,应用,系统
432,flatpak-builder,应用,应用
433,flatpak-xdg-utils,应用,应用
434,flex,系统,系统
435,flite,应用,系统
436,fltk,应用,应用
437,flute,应用,应用
438,fontawesome-fonts,其它,其它
439,fontconfig,应用,核心
440,fontforge,应用,应用
441,fontpackages,应用,其它
442,fonts-tweak-tool,应用,应用
443,foomatic,应用,应用
444,foomatic-db,应用,应用
445,forge-parent,系统,应用
446,fpc-srpm-macros,系统,系统
447,fprintd,应用,应用
448,freeglut,应用,应用
449,freeimage,应用,应用
450,freeipmi,应用,系统
451,freeradius,应用,系统
452,freerdp,应用,应用
453,freetype,应用,应用
454,frei0r-plugins,应用,应用
455,fribidi,应用,系统
456,frr,应用,系统
457,fstrm,应用,核心
458,ftp,系统,系统
459,fuse,系统,核心
460,fuse-exfat,系统,系统
461,fuse-overlayfs,系统,核心
462,fusesource-pom,应用,应用
463,fuse-sshfs,系统,应用
464,fwupd,系统,应用
465,fwupdate,系统,核心
466,fxload,应用,系统
467,galera,应用,核心
468,gamin,应用,应用
469,gavl,应用,系统
470,gawk,核心,核心
471,gc,应用,核心
472,gcab,系统,应用
473,gcc,系统,应用
474,gcc-python-plugin,系统,系统
475,gcc-toolset-10,系统,核心
476,gcc-toolset-10-annobin,系统,核心
477,gcc-toolset-10-binutils,系统,核心
478,gcc-toolset-10-dwz,系统,核心
479,gcc-toolset-10-dyninst,系统,核心
480,gcc-toolset-10-elfutils,系统,核心
481,gcc-toolset-10-gcc,系统,系统
482,gcc-toolset-10-gdb,系统,应用
483,gcc-toolset-10-ltrace,系统,系统
484,gcc-toolset-10-make,系统,系统
485,gcc-toolset-10-strace,系统,核心
486,gcc-toolset-10-systemtap,系统,核心
487,gcc-toolset-10-valgrind,系统,系统
488,gcc-toolset-11,系统,系统
489,gcc-toolset-11-annobin,系统,核心
490,gcc-toolset-11-binutils,系统,核心
491,gcc-toolset-11-dwz,系统,核心
492,gcc-toolset-11-dyninst,系统,核心
493,gcc-toolset-11-elfutils,系统,核心
494,gcc-toolset-11-gcc,系统,系统
495,gcc-toolset-11-gdb,系统,应用
496,gcc-toolset-11-ltrace,系统,系统
497,gcc-toolset-11-make,系统,系统
498,gcc-toolset-11-strace,系统,核心
499,gcc-toolset-11-systemtap,系统,系统
500,gcc-toolset-11-valgrind,系统,系统
501,gcc-toolset-9,系统,系统
502,gcc-toolset-9-annobin,系统,核心
503,gcc-toolset-9-binutils,系统,核心
504,gcc-toolset-9-dwz,系统,核心
505,gcc-toolset-9-dyninst,系统,系统
506,gcc-toolset-9-elfutils,系统,核心
507,gcc-toolset-9-gcc,系统,核心
508,gcc-toolset-9-gdb,系统,系统
509,gcc-toolset-9-ltrace,系统,核心
510,gcc-toolset-9-make,系统,系统
511,gcc-toolset-9-strace,系统,核心
512,gcc-toolset-9-systemtap,系统,核心
513,gcc-toolset-9-valgrind,系统,系统
514,GConf2,应用,应用
515,gcr,应用,应用
516,gd,应用,应用
517,gdb,系统,应用
518,gdbm,系统,核心
519,gdisk,应用,应用
520,gdk-pixbuf2,应用,应用
521,gdm,应用,应用
522,gedit,应用,应用
523,gedit-plugins,应用,应用
524,gegl,应用,应用
525,gegl04,应用,应用
526,genwqe-tools,应用,核心
527,geoclue2,应用,应用
528,geocode-glib,应用,应用
529,GeoIP,应用,核心
530,GeoIP-GeoLite-data,应用,核心
531,geoipupdate,应用,应用
532,geolite2,应用,核心
533,geronimo-annotation,应用,应用
534,geronimo-jms,应用,应用
535,geronimo-jpa,应用,应用
536,geronimo-parent-poms,应用,应用
537,gettext,系统,应用
538,gfbgraph,应用,应用
539,gflags,应用,核心
540,gfs2-utils,应用,应用
541,ghc-srpm-macros,系统,应用
542,ghostscript,应用,应用
543,giflib,应用,系统
544,gimp,应用,应用
545,gio-qt,应用,应用
546,git,应用,系统
547,git-lfs,应用,系统
548,gjs,应用,应用
549,glade,应用,应用
550,glassfish-annotation-api,应用,应用
551,glassfish-el,应用,应用
552,glassfish-fastinfoset,应用,应用
553,glassfish-jaxb,应用,应用
554,glassfish-jaxb-api,应用,应用
555,glassfish-jsp,应用,应用
556,glassfish-jsp-api,应用,应用
557,glassfish-legal,应用,应用
558,glassfish-master-pom,应用,应用
559,glassfish-servlet-api,应用,应用
560,glew,应用,核心
561,glib2,系统,应用
562,glibc,核心,系统
563,glibmm24,应用,应用
564,glib-networking,应用,应用
565,gl-manpages,应用,核心
566,glog,应用,核心
567,glusterfs,应用,核心
568,gmp,核心,核心
569,gnome-abrt,应用,应用
570,gnome-autoar,应用,应用
571,gnome-backgrounds,应用,核心
572,gnome-bluetooth,应用,应用
573,gnome-boxes,应用,应用
574,gnome-calculator,应用,应用
575,gnome-characters,应用,应用
576,gnome-color-manager,应用,应用
577,gnome-common,应用,应用
578,gnome-control-center,应用,其它
579,gnome-desktop3,应用,应用
580,gnome-disk-utility,应用,应用
581,gnome-font-viewer,应用,应用
582,gnome-getting-started-docs,应用,核心
583,gnome-initial-setup,应用,应用
584,gnome-keyring,应用,应用
585,gnome-logs,应用,应用
586,gnome-menus,应用,应用
587,gnome-online-accounts,应用,应用
588,gnome-online-miners,应用,应用
589,gnome-photos,应用,应用
590,gnome-remote-desktop,应用,应用
591,gnome-screenshot,应用,应用
592,gnome-session,应用,应用
593,gnome-settings-daemon,应用,应用
594,gnome-shell,应用,应用
595,gnome-shell-extensions,应用,核心
596,gnome-software,应用,应用
597,gnome-system-monitor,应用,应用
598,gnome-terminal,应用,应用
599,gnome-themes-standard,应用,应用
600,gnome-tweaks,应用,应用
601,gnome-user-docs,应用,核心
602,gnome-video-effects,应用,应用
603,gnu-efi,系统,核心
604,gnu-free-fonts,其它,其它
605,gnupg2,系统,核心
606,gnuplot,应用,应用
607,gnutls,核心,核心
608,gobject-introspection,系统,应用
609,go-compilers,应用,应用
610,go-gir-generator,应用,应用
611,golang,应用,核心
612,golang-dbus,应用,核心
613,golang-github-alecthomas-template,应用,应用
614,golang-github-alecthomas-units,应用,应用
615,golang-github-axgle-mahonia,应用,应用
616,golang-github-cryptix-wav,应用,系统
617,golang-github-davecgh-go-spew,应用,应用
618,golang-github-disintegration-imaging,应用,应用
619,golang-github-fogleman-gg,应用,应用
620,golang-github-freetype,应用,应用
621,golang-github-fsnotify-fsnotify,应用,应用
622,golang-github-gosexy-gettext,应用,应用
623,golang-github-kelvins-sunrisesunset,应用,应用
624,golang-github-linuxdeepin-go-dbus-factory,应用,核心
625,golang-github-linuxdeepin-go-x11-client,应用,核心
626,golang-github-lofanmi-pinyin,应用,核心
627,golang-github-mattn-go-sqlite3,应用,应用
628,golang-github-mozillazg-pinyin,应用,核心
629,golang-github-msteinert-pam,应用,应用
630,golang-github-nfnt-resize,应用,应用
631,golang-github-pmezard-go-difflib,应用,应用
632,golang-github-rickb777-date,应用,应用
633,golang-github-rickb777-plural,应用,应用
634,golang-github-stretchr-objx,应用,应用
635,golang-github-stretchr-testify,应用,应用
636,golang-gopkg-alecthomas-kingpin,应用,应用
637,golang-x-image,应用,应用
638,golang-x-sys,应用,应用
639,golang-x-text,应用,应用
640,golang-x-xerrors,应用,应用
641,gom,应用,应用
642,google-api-python-client,应用,系统
643,google-crosextra-caladea-fonts,其它,其它
644,google-crosextra-carlito-fonts,其它,其它
645,google-droid-fonts,其它,其它
646,google-gson,其它,其它
647,google-guice,应用,应用
648,google-noto-cjk-fonts,其它,其它
649,google-noto-emoji-fonts,其它,其它
650,google-noto-fonts,其它,其它
651,google-roboto-slab-fonts,其它,其它
652,go-srpm-macros,系统,系统
653,go-toolset,应用,系统
654,gpac,应用,应用
655,gperf,系统,系统
656,gpgme,系统,应用
657,gpm,应用,系统
658,grafana,应用,系统
659,grafana-pcp,应用,核心
660,graphite2,应用,系统
661,graphviz,应用,应用
662,greenboot,系统,系统
663,grep,核心,核心
664,grilo,应用,应用
665,grilo-plugins,应用,应用
666,groff,应用,核心
667,grub2,系统,核心
668,grubby,系统,系统
669,gsettings-desktop-schemas,应用,核心
670,gsettings-qt,应用,应用
671,gsl,应用,系统
672,gsm,应用,核心
673,gsound,应用,应用
674,gspell,应用,应用
675,gssdp,应用,应用
676,gssntlmssp,应用,应用
677,gssproxy,应用,系统
678,gstreamer,应用,应用
679,gstreamer1,应用,应用
680,gstreamer1-plugins-bad-free,应用,应用
681,gstreamer1-plugins-base,应用,应用
682,gstreamer1-plugins-good,应用,应用
683,gstreamer1-plugins-ugly-free,应用,应用
684,gtest,应用,系统
685,gtk2,应用,应用
686,gtk3,应用,应用
687,gtk-doc,应用,应用
688,gtkmm24,应用,应用
689,gtkmm30,应用,应用
690,gtksourceview3,应用,应用
691,gtkspell,应用,应用
692,gtkspell3,应用,应用
693,gtk-vnc,应用,应用
694,guava20,应用,其它
695,guava,应用,应用
696,gubbi-fonts,其它,其它
697,guile,系统,应用
698,gupnp,系统,应用
699,gupnp-av,系统,应用
700,gupnp-dlna,系统,应用
701,gupnp-igd,系统,应用
702,gutenprint,应用,应用
703,gvfs,系统,系统
704,gzip,系统,核心
705,hamcrest,应用,应用
706,haproxy,系统,系统
707,hardlink,系统,核心
708,harfbuzz,应用,应用
709,hawtjni,应用,应用
710,hdparm,应用,核心
711,HdrHistogram_c,应用,核心
712,HdrHistogram,应用,应用
713,helm,应用,核心
714,help2man,应用,系统
715,hesiod,应用,系统
716,hexchat,应用,应用
717,hexedit,应用,核心
718,hicolor-icon-theme,应用,核心
719,highlight,应用,应用
720,hivex,应用,应用
721,hostapd,应用,核心
722,hostname,系统,核心
723,hplip,应用,应用
724,hspell,应用,应用
725,htmlcxx,应用,核心
726,httpcomponents-client,应用,系统
727,httpcomponents-core,应用,应用
728,httpcomponents-project,应用,应用
729,httpd,应用,核心
730,http-parser,应用,系统
731,hunspell,应用,应用
732,hunspell-af,应用,应用
733,hunspell-ak,应用,应用
734,hunspell-am,应用,应用
735,hunspell-ar,应用,应用
736,hunspell-as,应用,应用
737,hunspell-ast,应用,应用
738,hunspell-az,应用,应用
739,hunspell-be,应用,应用
740,hunspell-ber,应用,应用
741,hunspell-bg,应用,应用
742,hunspell-bn,应用,应用
743,hunspell-br,应用,应用
744,hunspell-ca,应用,应用
745,hunspell-cop,应用,应用
746,hunspell-csb,应用,应用
747,hunspell-cv,应用,应用
748,hunspell-cy,应用,应用
749,hunspell-da,应用,应用
750,hunspell-de,应用,应用
751,hunspell-dsb,应用,应用
752,hunspell-el,应用,应用
753,hunspell-en,应用,应用
754,hunspell-eo,应用,应用
755,hunspell-es,应用,应用
756,hunspell-et,应用,应用
757,hunspell-eu,应用,应用
758,hunspell-fa,应用,应用
759,hunspell-fj,应用,应用
760,hunspell-fo,应用,应用
761,hunspell-fr,应用,应用
762,hunspell-fur,应用,应用
763,hunspell-fy,应用,应用
764,hunspell-ga,应用,应用
765,hunspell-gd,应用,应用
766,hunspell-gl,应用,应用
767,hunspell-grc,应用,应用
768,hunspell-gu,应用,应用
769,hunspell-gv,应用,应用
770,hunspell-haw,应用,应用
771,hunspell-hi,应用,应用
772,hunspell-hil,应用,应用
773,hunspell-hr,应用,应用
774,hunspell-hsb,应用,应用
775,hunspell-ht,应用,应用
776,hunspell-hu,应用,应用
777,hunspell-hy,应用,应用
778,hunspell-ia,应用,应用
779,hunspell-id,应用,应用
780,hunspell-is,应用,应用
781,hunspell-it,应用,应用
782,hunspell-kk,应用,应用
783,hunspell-km,应用,应用
784,hunspell-kn,应用,应用
785,hunspell-ko,应用,应用
786,hunspell-ku,应用,应用
787,hunspell-ky,应用,应用
788,hunspell-la,应用,应用
789,hunspell-lb,应用,应用
790,hunspell-ln,应用,应用
791,hunspell-lt,应用,应用
792,hunspell-mai,应用,应用
793,hunspell-mg,应用,应用
794,hunspell-mi,应用,应用
795,hunspell-mk,应用,应用
796,hunspell-ml,应用,应用
797,hunspell-mn,应用,应用
798,hunspell-mos,应用,应用
799,hunspell-mr,应用,应用
800,hunspell-ms,应用,应用
801,hunspell-mt,应用,应用
802,hunspell-nds,应用,应用
803,hunspell-ne,应用,应用
804,hunspell-nl,应用,应用
805,hunspell-no,应用,应用
806,hunspell-nr,应用,应用
807,hunspell-nso,应用,应用
808,hunspell-ny,应用,应用
809,hunspell-oc,应用,应用
810,hunspell-om,应用,应用
811,hunspell-or,应用,应用
812,hunspell-pa,应用,应用
813,hunspell-pl,应用,应用
814,hunspell-pt,应用,应用
815,hunspell-qu,应用,应用
816,hunspell-quh,应用,应用
817,hunspell-ro,应用,应用
818,hunspell-ru,应用,应用
819,hunspell-rw,应用,应用
820,hunspell-sc,应用,应用
821,hunspell-se,应用,应用
822,hunspell-shs,应用,应用
823,hunspell-si,应用,应用
824,hunspell-sk,应用,应用
825,hunspell-sl,应用,应用
826,hunspell-smj,应用,应用
827,hunspell-so,应用,应用
828,hunspell-sq,应用,应用
829,hunspell-sr,应用,应用
830,hunspell-ss,应用,应用
831,hunspell-st,应用,应用
832,hunspell-sv,应用,应用
833,hunspell-sw,应用,应用
834,hunspell-ta,应用,应用
835,hunspell-te,应用,应用
836,hunspell-tet,应用,应用
837,hunspell-th,应用,应用
838,hunspell-ti,应用,应用
839,hunspell-tk,应用,应用
840,hunspell-tl,应用,应用
841,hunspell-tn,应用,应用
842,hunspell-tpi,应用,应用
843,hunspell-ts,应用,应用
844,hunspell-uk,应用,应用
845,hunspell-ur,应用,应用
846,hunspell-uz,应用,应用
847,hunspell-ve,应用,应用
848,hunspell-vi,应用,应用
849,hunspell-wa,应用,应用
850,hunspell-xh,应用,应用
851,hunspell-yi,应用,应用
852,hunspell-zu,应用,应用
853,hwdata,核心,核心
854,hwinfo,系统,核心
855,hwloc,应用,应用
856,hyperv-daemons,系统,系统
857,hyphen,应用,应用
858,hyphen-as,应用,应用
859,hyphen-bg,应用,应用
860,hyphen-bn,应用,应用
861,hyphen-ca,应用,应用
862,hyphen-cy,应用,应用
863,hyphen-da,应用,应用
864,hyphen-de,应用,应用
865,hyphen-el,应用,应用
866,hyphen-es,应用,应用
867,hyphen-eu,应用,应用
868,hyphen-fa,应用,应用
869,hyphen-fo,应用,应用
870,hyphen-fr,应用,应用
871,hyphen-ga,应用,应用
872,hyphen-gl,应用,应用
873,hyphen-grc,应用,应用
874,hyphen-gu,应用,应用
875,hyphen-hi,应用,应用
876,hyphen-hsb,应用,应用
877,hyphen-hu,应用,应用
878,hyphen-ia,应用,应用
879,hyphen-id,应用,应用
880,hyphen-is,应用,应用
881,hyphen-it,应用,应用
882,hyphen-kn,应用,应用
883,hyphen-ku,应用,应用
884,hyphen-lt,应用,应用
885,hyphen-mi,应用,应用
886,hyphen-ml,应用,应用
887,hyphen-mn,应用,应用
888,hyphen-mr,应用,应用
889,hyphen-nl,应用,应用
890,hyphen-or,应用,应用
891,hyphen-pa,应用,应用
892,hyphen-pl,应用,应用
893,hyphen-pt,应用,应用
894,hyphen-ro,应用,应用
895,hyphen-ru,应用,应用
896,hyphen-sa,应用,应用
897,hyphen-sk,应用,应用
898,hyphen-sl,应用,应用
899,hyphen-sv,应用,应用
900,hyphen-ta,应用,应用
901,hyphen-te,应用,应用
902,hyphen-tk,应用,应用
903,hyphen-uk,应用,应用
904,i2c-tools,应用,系统
905,ibus,应用,应用
906,ibus-hangul,应用,系统
907,ibus-kkc,应用,应用
908,ibus-libpinyin,应用,应用
909,ibus-libzhuyin,应用,应用
910,ibus-m17n,应用,应用
911,ibus-sayura,应用,应用
912,ibus-table,应用,系统
913,ibus-table-chinese,应用,系统
914,ibus-typing-booster,应用,系统
915,icedtea-web,应用,应用
916,icoutils,应用,核心
917,icu4j,系统,应用
918,icu,系统,系统
919,iio-sensor-proxy,应用,应用
920,ilmbase,应用,应用
921,ima-evm-utils,系统,核心
922,imake,应用,核心
923,imlib2,应用,应用
924,imsettings,应用,应用
925,iniparser,应用,核心
926,initial-setup,应用,应用
927,initscripts,系统,核心
928,inkscape,应用,应用
929,intel-cmt-cat,应用,核心
930,intltool,系统,系统
931,iotop,系统,系统
932,ipa,系统,系统
933,ipa-healthcheck,系统,系统
934,ipcalc,应用,系统
935,iperf3,系统,系统
936,ipmitool,系统,系统
937,iproute,系统,核心
938,iprutils,系统,核心
939,ipset,系统,系统
940,iptables,系统,系统
941,iptraf-ng,系统,核心
942,iptstate,系统,应用
943,iputils,系统,系统
944,ipvsadm,系统,系统
945,ipxe,系统,其它
946,irqbalance,系统,应用
947,irssi,应用,应用
948,iscsi-initiator-utils,系统,系统
949,isl,应用,应用
950,isns-utils,系统,系统
951,iso-codes,应用,核心
952,isomd5sum,应用,核心
953,isorelax,应用,应用
954,istack-commons,应用,应用
955,itstool,应用,应用
956,iw,应用,核心
957,jabberpy,应用,系统
958,jack-audio-connection-kit,应用,应用
959,jackson-annotations,应用,应用
960,jackson-core,应用,应用
961,jackson-databind,应用,应用
962,jackson-jaxrs-providers,应用,应用
963,jackson-module-jaxb-annotations,应用,应用
964,jaf,应用,应用
965,jakarta-commons-httpclient,应用,应用
966,jakarta-oro,应用,应用
967,jansi,应用,应用
968,jansi-native,应用,应用
969,jansson,应用,系统
970,jasper,应用,应用
971,java_cup,应用,应用
972,java-1.8.0-alibaba-dragonwell,应用,应用
973,java-1.8.0-openjdk,应用,应用
974,java-11-alibaba-dragonwell,应用,应用
975,java-11-openjdk,应用,应用
976,java-17-openjdk,应用,应用
977,java-atk-wrapper,应用,应用
978,javacc,应用,应用
979,javacc-maven-plugin,应用,应用
980,javamail,应用,应用
981,javapackages-tools,应用,应用
982,javassist,应用,应用
983,jaxen,应用,应用
984,jbig2dec,应用,系统
985,jbigkit,应用,系统
986,jboss-annotations-1.2-api,应用,应用
987,jboss-interceptors-1.2-api,应用,应用
988,jboss-jaxrs-2.0-api,应用,应用
989,jboss-logging,应用,应用
990,jboss-logging-tools,应用,应用
991,jboss-parent,应用,应用
992,jctools,应用,应用
993,jdeparser,应用,应用
994,jdepend,应用,应用
995,jdependency,应用,应用
996,jdom,应用,应用
997,jdom2,应用,应用
998,jemalloc,应用,核心
999,jetty,应用,应用
1000,jflex,应用,应用
1001,jigawatts,应用,应用
1002,jimtcl,应用,系统
1003,jline,应用,应用
1004,jmc,应用,应用
1005,jmc-core,应用,应用
1006,jna,应用,应用
1007,jolokia-jvm-agent,应用,应用
1008,jomolhari-fonts,其它,其它
1009,jose,应用,核心
1010,jq,应用,核心
1011,jsch,应用,应用
1012,js-d3-flame-graph,应用,核心
1013,json-c,应用,核心
1014,jsoncpp,应用,应用
1015,json-glib,应用,应用
1016,jsoup,应用,应用
1017,jsr-305,应用,应用
1018,jss,应用,应用
1019,jtidy,应用,应用
1020,Judy,应用,系统
1021,julietaula-montserrat-fonts,应用,其它
1022,junit,应用,应用
1023,junit5,应用,应用
1024,jvnet-parent,应用,应用
1025,jxrlib,应用,系统
1026,jzlib,应用,应用
1027,kabi-dw,核心,核心
1028,kacst-fonts,其它,其它
1029,kata-containers,应用,应用
1030,kbd,系统,其它
1031,kdecoration,应用,应用
1032,kde-filesystem,应用,核心
1033,kde-settings,应用,应用
1034,kdump-anaconda-addon,系统,核心
1035,keentune-bench,系统,系统
1036,keentune-brain,系统,系统
1037,keentuned,系统,系统
1038,keentune-target,系统,系统
1039,keentune-ui,系统,核心
1040,keepalived,系统,核心
1041,kernel,其它,其它
1042,kexec-tools,核心,核心
1043,keybinder3,应用,应用
1044,keycloak-httpd-client-install,应用,系统
1045,keyutils,系统,核心
1046,kf5,应用,应用
1047,kf5-attica,应用,应用
1048,kf5-frameworkintegration,应用,应用
1049,kf5-kactivities,应用,应用
1050,kf5-karchive,应用,应用
1051,kf5-kauth,应用,应用
1052,kf5-kbookmarks,应用,应用
1053,kf5-kcmutils,应用,应用
1054,kf5-kcodecs,应用,应用
1055,kf5-kcompletion,应用,应用
1056,kf5-kconfig,应用,应用
1057,kf5-kconfigwidgets,应用,应用
1058,kf5-kcoreaddons,应用,应用
1059,kf5-kcrash,应用,应用
1060,kf5-kdbusaddons,应用,应用
1061,kf5-kdeclarative,应用,应用
1062,kf5-kded,应用,应用
1063,kf5-kdelibs4support,应用,应用
1064,kf5-kdesignerplugin,应用,应用
1065,kf5-kdesu,应用,应用
1066,kf5-kdoctools,应用,应用
1067,kf5-kemoticons,应用,应用
1068,kf5-kglobalaccel,应用,应用
1069,kf5-kguiaddons,应用,应用
1070,kf5-ki18n,应用,应用
1071,kf5-kiconthemes,应用,应用
1072,kf5-kidletime,应用,应用
1073,kf5-kinit,应用,应用
1074,kf5-kio,应用,应用
1075,kf5-kirigami2,应用,应用
1076,kf5-kitemmodels,应用,应用
1077,kf5-kitemviews,应用,应用
1078,kf5-kjobwidgets,应用,应用
1079,kf5-knewstuff,应用,应用
1080,kf5-knotifications,应用,应用
1081,kf5-kpackage,应用,应用
1082,kf5-kparts,应用,应用
1083,kf5-kplotting,应用,应用
1084,kf5-kpty,应用,应用
1085,kf5-kservice,应用,应用
1086,kf5-ktextwidgets,应用,应用
1087,kf5-kunitconversion,应用,应用
1088,kf5-kwallet,应用,应用
1089,kf5-kwayland,应用,应用
1090,kf5-kwidgetsaddons,应用,应用
1091,kf5-kwindowsystem,应用,应用
1092,kf5-kxmlgui,应用,应用
1093,kf5-networkmanager-qt,应用,应用
1094,kf5-plasma,应用,应用
1095,kf5-solid,应用,应用
1096,kf5-sonnet,应用,应用
1097,kf5-syntax-highlighting,应用,应用
1098,khmeros-fonts,其它,其它
1099,kmod,核心,核心
1100,kmod-kvdo,核心,核心
1101,kpatch,核心,核心
1102,krb5,系统,核心
1103,kronosnet,应用,核心
1104,ksc,系统,系统
1105,kscreenlocker,应用,应用
1106,ksh,应用,系统
1107,kubernetes,应用,应用
1108,kurdit-unikurd-web-fonts,其它,其它
1109,kwin,应用,应用
1110,kyotocabinet,应用,核心
1111,ladspa,应用,核心
1112,lame,应用,系统
1113,langpacks,核心,核心
1114,langtable,系统,核心
1115,lapack,应用,核心
1116,lasso,应用,应用
1117,latex2html,应用,核心
1118,lato-fonts,其它,其它
1119,lcms2,应用,系统
1120,ldapjdk,应用,应用
1121,ldns,应用,核心
1122,ledmon,系统,系统
1123,lensfun,应用,应用
1124,leptonica,应用,应用
1125,less,系统,核心
1126,lftp,应用,系统
1127,libabw,应用,应用
1128,libaec,应用,核心
1129,libaio,系统,核心
1130,libao,应用,核心
1131,libappindicator,应用,应用
1132,libappstream-glib,系统,应用
1133,libarchive,系统,核心
1134,libass,应用,应用
1135,libassuan,系统,核心
1136,libasyncns,应用,应用
1137,libatasmart,应用,系统
1138,libatomic_ops,系统,系统
1139,libavc1394,系统,核心
1140,libbase,系统,应用
1141,libblockdev,系统,系统
1142,libbluray,系统,应用
1143,libbpf,系统,核心
1144,libburn,系统,系统
1145,libbytesize,系统,系统
1146,libcacard,系统,系统
1147,libcanberra,应用,应用
1148,libcap,核心,核心
1149,libcap-ng,核心,核心
1150,libcdio,系统,系统
1151,libcdio-paranoia,系统,系统
1152,libcdr,应用,应用
1153,libcgroup,系统,系统
1154,libchamplain,应用,应用
1155,libchardet,应用,核心
1156,libcmis,应用,应用
1157,libcomps,应用,应用
1158,libconfig,应用,核心
1159,libcroco,应用,应用
1160,libdaemon,系统,系统
1161,libdap,应用,核心
1162,libdatrie,应用,系统
1163,libdazzle,应用,应用
1164,libdb,系统,核心
1165,libdbusmenu,应用,应用
1166,libdc1394,系统,系统
1167,libdmapsharing,应用,应用
1168,libdmx,系统,核心
1169,libdnet,系统,系统
1170,libdnf,系统,应用
1171,libdrm,系统,核心
1172,libdv,应用,应用
1173,libdvdnav,应用,系统
1174,libdvdread,应用,系统
1175,libdwarf,系统,核心
1176,libeasyfc,应用,核心
1177,libecap,应用,核心
1178,libecpg,应用,系统
1179,libedit,应用,核心
1180,libEMF,应用,应用
1181,libeot,应用,系统
1182,libepoxy,应用,系统
1183,libepubgen,应用,应用
1184,liberation-fonts,其它,其它
1185,liberation-narrow-fonts,其它,其它
1186,libestr,应用,核心
1187,libetonyek,应用,应用
1188,libev,应用,核心
1189,libevdev,应用,系统
1190,libevent,应用,核心
1191,libexif,应用,核心
1192,libexttextcat,应用,应用
1193,libfabric,系统,应用
1194,libfastjson,应用,核心
1195,libffado,应用,应用
1196,libffi,系统,系统
1197,libfontenc,系统,核心
1198,libfonts,应用,应用
1199,libformula,应用,应用
1200,libfprint,应用,应用
1201,libfreehand,应用,应用
1202,libgcrypt,核心,核心
1203,libgdata,应用,应用
1204,libgdither,应用,核心
1205,libgee,应用,应用
1206,libgexiv2,应用,应用
1207,libgit2,应用,核心
1208,libgit2-glib,应用,应用
1209,libglvnd,应用,核心
1210,libgnomekbd,应用,应用
1211,libgovirt,应用,应用
1212,libgpg-error,核心,核心
1213,libgphoto2,应用,应用
1214,libgpod,应用,应用
1215,libgsf,应用,应用
1216,libgtop2,应用,应用
1217,libgudev,系统,应用
1218,libguestfs,系统,应用
1219,libguestfs-winsupport,系统,核心
1220,libgusb,系统,应用
1221,libgweather,应用,应用
1222,libgxim,应用,应用
1223,libgxps,应用,应用
1224,libhangul,应用,系统
1225,libhbaapi,应用,系统
1226,libhbalinux,应用,系统
1227,libhugetlbfs,系统,系统
1228,libical,应用,核心
1229,libICE,应用,系统
1230,libid3tag,应用,核心
1231,libIDL,应用,应用
1232,libidn,系统,系统
1233,libidn2,核心,系统
1234,libiec61883,系统,核心
1235,libieee1284,系统,系统
1236,libijs,应用,应用
1237,libimobiledevice,应用,核心
1238,libindicator,应用,应用
1239,libinput,系统,系统
1240,libipt,系统,系统
1241,libiptcdata,应用,核心
1242,libiscsi,系统,系统
1243,libisoburn,系统,核心
1244,libisofs,应用,核心
1245,libjpeg-turbo,应用,核心
1246,libkcapi,系统,系统
1247,libkeepalive,应用,系统
1248,libkkc,应用,应用
1249,libkkc-data,应用,核心
1250,libksba,系统,核心
1251,liblangtag,应用,应用
1252,liblayout,应用,应用
1253,libldb,系统,系统
1254,libloader,应用,应用
1255,liblockfile,应用,系统
1256,liblognorm,应用,核心
1257,liblouis,应用,系统
1258,libmad,应用,应用
1259,libmatchbox,应用,应用
1260,libmaxminddb,应用,核心
1261,libmbim,应用,应用
1262,libmediaart,应用,应用
1263,libmediainfo,应用,应用
1264,libmemcached,应用,应用
1265,libmetalink,应用,系统
1266,libmfx,应用,应用
1267,libmicrohttpd,应用,其它
1268,libmng,应用,应用
1269,libmnl,应用,系统
1270,libmodman,应用,系统
1271,libmodplug,应用,应用
1272,libmodulemd,应用,应用
1273,libmpc,应用,系统
1274,libmpcdec,应用,应用
1275,libmspack,应用,核心
1276,libmspub,应用,应用
1277,libmtp,应用,系统
1278,libmusicbrainz5,应用,应用
1279,libmwaw,应用,应用
1280,libnbd,应用,应用
1281,libndp,应用,系统
1282,libnet,系统,系统
1283,libnetfilter_conntrack,系统,系统
1284,libnetfilter_cthelper,系统,系统
1285,libnetfilter_cttimeout,系统,系统
1286,libnetfilter_queue,系统,系统
1287,libnfnetlink,系统,系统
1288,libnftnl,系统,系统
1289,libnice,系统,应用
1290,libnl3,系统,系统
1291,libnma,应用,应用
1292,libnotify,应用,应用
1293,libnsl2,系统,核心
1294,libnumbertext,应用,应用
1295,liboauth,系统,系统
1296,libodfgen,应用,应用
1297,libogg,应用,应用
1298,liboggz,应用,系统
1299,libomp,应用,核心
1300,libopenraw,应用,应用
1301,liborcus,应用,应用
1302,libosinfo,应用,应用
1303,libotf,应用,其它
1304,libpagemaker,应用,应用
1305,libpaper,应用,系统
1306,libpcap,系统,系统
1307,libpciaccess,系统,核心
1308,libpeas,应用,应用
1309,libpfm,应用,系统
1310,libpinyin,应用,应用
1311,libpipeline,应用,系统
1312,libplist,应用,核心
1313,libpmemobj-cpp,系统,核心
1314,libpng,系统,系统
1315,libpng12,系统,系统
1316,libpng15,系统,系统
1317,libpq,应用,核心
1318,libproxy,应用,核心
1319,libpsl,系统,核心
1320,libpsm2,应用,系统
1321,libpst,应用,核心
1322,libpwquality,系统,系统
1323,libqb,应用,系统
1324,libqmi,应用,应用
1325,libqrtr-glib,系统,应用
1326,libqtxdg,应用,应用
1327,libquvi,应用,应用
1328,libquvi-scripts,应用,应用
1329,libqxp,应用,应用
1330,librabbitmq,应用,核心
1331,LibRaw,应用,应用
1332,libraw1394,系统,核心
1333,librdkafka,应用,核心
1334,librelp,应用,核心
1335,libreoffice,应用,应用
1336,libreoffice-voikko,应用,应用
1337,librepo,系统,应用
1338,libreport,应用,系统
1339,librepository,系统,应用
1340,libreswan,应用,核心
1341,librevenge,应用,应用
1342,librhsm,应用,核心
1343,librsvg2,应用,应用
1344,librx,应用,核心
1345,libsamplerate,应用,应用
1346,libsass,应用,系统
1347,libseccomp,核心,核心
1348,libsecret,应用,应用
1349,libselinux,核心,应用
1350,libsemanage,系统,系统
1351,libsepol,系统,系统
1352,libserf,应用,应用
1353,libserializer,应用,应用
1354,libshout,应用,应用
1355,libsigc++20,应用,系统
1356,libsigsegv,系统,系统
1357,libslirp,应用,应用
1358,libSM,应用,核心
1359,libsmbios,系统,核心
1360,libsmi,应用,核心
1361,libsndfile,应用,应用
1362,libsolv,系统,核心
1363,libsoup,应用,应用
1364,libspectre,应用,应用
1365,libspiro,应用,系统
1366,libsrtp,应用,核心
1367,libssh,系统,核心
1368,libstaroffice,应用,应用
1369,libstemmer,应用,核心
1370,libstoragemgmt,应用,系统
1371,libsvm,应用,应用
1372,libtalloc,应用,系统
1373,libtar,应用,核心
1374,libtasn1,应用,核心
1375,libtdb,应用,系统
1376,libteam,应用,核心
1377,libtevent,应用,系统
1378,libthai,应用,核心
1379,libtheora,应用,应用
1380,libtiff,应用,应用
1381,libtimezonemap,应用,应用
1382,libtirpc,系统,核心
1383,libtool,系统,系统
1384,libtpms,系统,核心
1385,libucil,应用,应用
1386,libunicap,应用,应用
1387,libuninameslist,应用,核心
1388,libunistring,应用,系统
1389,libupnp,系统,系统
1390,liburing,系统,核心
1391,libusb,系统,系统
1392,libusbmuxd,应用,应用
1393,libusbx,系统,系统
1394,libuser,应用,应用
1395,libutempter,系统,系统
1396,libuv,应用,核心
1397,libva,应用,应用
1398,libvarlink,应用,核心
1399,libvdpau,应用,核心
1400,libverto,系统,核心
1401,libvirt,系统,核心
1402,libvirt-dbus,系统,应用
1403,libvirt-glib,系统,应用
1404,libvirt-python,系统,核心
1405,libvisio,应用,应用
1406,libvisual,应用,应用
1407,libvma,应用,系统
1408,libvncserver,应用,应用
1409,libvoikko,应用,核心
1410,libvorbis,应用,应用
1411,libvpx,应用,应用
1412,libwacom,应用,应用
1413,libwebp,应用,系统
1414,libwmf,应用,应用
1415,libwnck3,应用,应用
1416,libwpd,应用,应用
1417,libwpg,应用,应用
1418,libwps,应用,应用
1419,libX11,应用,核心
1420,libx86emu,应用,系统
1421,libXau,应用,系统
1422,libXaw,应用,核心
1423,libxcb,系统,核心
1424,libXcomposite,应用,核心
1425,libxcrypt,核心,核心
1426,libXcursor,应用,核心
1427,libXdamage,应用,核心
1428,libXdmcp,应用,系统
1429,libXext,应用,核心
1430,libXfixes,应用,核心
1431,libXfont2,应用,应用
1432,libXft,应用,应用
1433,libXi,应用,核心
1434,libXinerama,应用,核心
1435,libxkbcommon,应用,应用
1436,libxkbfile,应用,核心
1437,libxklavier,应用,应用
1438,libxml++,应用,应用
1439,libxml2,应用,核心
1440,libxmlb,应用,应用
1441,libXmu,应用,核心
1442,libXNVCtrl,应用,核心
1443,libXp,应用,核心
1444,libXpm,应用,核心
1445,libXrandr,应用,核心
1446,libXrender,应用,核心
1447,libXres,应用,核心
1448,libXScrnSaver,应用,核心
1449,libxshmfence,应用,核心
1450,libxslt,应用,核心
1451,libXt,应用,核心
1452,libXtst,应用,核心
1453,libxudp,应用,核心
1454,libXv,应用,核心
1455,libXvMC,应用,核心
1456,libXxf86dga,应用,系统
1457,libXxf86misc,应用,核心
1458,libXxf86vm,应用,系统
1459,libyami,应用,应用
1460,libyaml,应用,核心
1461,libyang,应用,核心
1462,libzen,应用,核心
1463,libzip,应用,核心
1464,libzmf,应用,应用
1465,lightdm,应用,应用
1466,lightdm-gtk,应用,应用
1467,lightdm-gtk-greeter-settings,应用,应用
1468,linuxconsoletools,应用,核心
1469,linuxdoc-tools,核心,核心
1470,linux-firmware,其它,核心
1471,linuxptp,系统,系统
1472,lklug-fonts,其它,其它
1473,lksctp-tools,系统,系统
1474,lld,核心,核心
1475,lldb,系统,应用
1476,lldpad,系统,系统
1477,lldpd,应用,核心
1478,llvm,系统,核心
1479,llvm-toolset,系统,核心
1480,lm_sensors,应用,核心
1481,lmdb,应用,核心
1482,lockdev,系统,系统
1483,log4j12,应用,应用
1484,log4j,应用,应用
1485,logrotate,系统,核心
1486,logwatch,应用,应用
1487,lohit-assamese-fonts,其它,其它
1488,lohit-bengali-fonts,其它,其它
1489,lohit-devanagari-fonts,其它,其它
1490,lohit-gujarati-fonts,其它,其它
1491,lohit-gurmukhi-fonts,其它,其它
1492,lohit-kannada-fonts,其它,其它
1493,lohit-malayalam-fonts,其它,其它
1494,lohit-marathi-fonts,其它,其它
1495,lohit-nepali-fonts,其它,其它
1496,lohit-odia-fonts,其它,其它
1497,lohit-tamil-fonts,其它,其它
1498,lohit-telugu-fonts,其它,其它
1499,lorax,系统,系统
1500,lorax-templates-anolis,核心,核心
1501,lorax-templates-rhel,核心,核心
1502,lpsolve,应用,核心
1503,lrzsz,应用,系统
1504,lshw,应用,应用
1505,lsof,系统,核心
1506,lsscsi,系统,系统
1507,ltrace,应用,核心
1508,lttng-ust,应用,核心
1509,lua,应用,核心
1510,lua-expat,应用,系统
1511,lua-filesystem,应用,核心
1512,luajit,应用,核心
1513,lua-json,应用,核心
1514,lua-lpeg,应用,系统
1515,lua-lunit,应用,核心
1516,lua-posix,应用,核心
1517,lua-rpm-macros,应用,系统
1518,lua-socket,应用,系统
1519,lucene++,应用,核心
1520,lucene,应用,应用
1521,luksmeta,应用,核心
1522,lvm2,系统,系统
1523,lynx,应用,核心
1524,lz4,核心,系统
1525,lz4-java,应用,应用
1526,lzo,应用,核心
1527,lzop,应用,核心
1528,m17n-db,应用,核心
1529,m17n-lib,应用,核心
1530,m4,系统,系统
1531,madan-fonts,其它,其它
1532,mailcap,应用,核心
1533,mailman,应用,核心
1534,mailx,应用,核心
1535,make,应用,系统
1536,malaga,应用,应用
1537,malaga-suomi-voikko,应用,核心
1538,mallard-rng,应用,应用
1539,man-db,应用,核心
1540,mariadb,应用,核心
1541,mariadb-connector-c,应用,核心
1542,mariadb-connector-odbc,应用,应用
1543,mariadb-java-client,应用,应用
1544,marisa,应用,核心
1545,matchbox-window-manager,应用,应用
1546,maven2,应用,应用
1547,maven,应用,应用
1548,maven-antrun-plugin,应用,应用
1549,maven-archiver,应用,应用
1550,maven-artifact-resolver,应用,应用
1551,maven-artifact-transfer,应用,应用
1552,maven-assembly-plugin,应用,应用
1553,maven-clean-plugin,应用,应用
1554,maven-common-artifact-filters,应用,应用
1555,maven-compiler-plugin,应用,应用
1556,maven-dependency-analyzer,应用,应用
1557,maven-dependency-plugin,应用,应用
1558,maven-dependency-tree,应用,应用
1559,maven-doxia,应用,应用
1560,maven-doxia-sitetools,应用,应用
1561,maven-enforcer,应用,应用
1562,maven-file-management,应用,应用
1563,maven-filtering,应用,应用
1564,maven-install-plugin,应用,应用
1565,maven-invoker,应用,应用
1566,maven-invoker-plugin,应用,应用
1567,maven-jar-plugin,应用,应用
1568,maven-parent,应用,应用
1569,maven-plugin-build-helper,应用,应用
1570,maven-plugin-bundle,应用,应用
1571,maven-plugins-pom,应用,应用
1572,maven-plugin-testing,应用,应用
1573,maven-plugin-tools,应用,应用
1574,maven-remote-resources-plugin,应用,应用
1575,maven-reporting-api,应用,应用
1576,maven-reporting-impl,应用,应用
1577,maven-resolver,应用,应用
1578,maven-resources-plugin,应用,应用
1579,maven-script-interpreter,应用,应用
1580,maven-shade-plugin,应用,应用
1581,maven-shared,应用,应用
1582,maven-shared-incremental,应用,应用
1583,maven-shared-io,应用,应用
1584,maven-shared-utils,应用,应用
1585,maven-source-plugin,应用,应用
1586,maven-surefire,应用,应用
1587,maven-verifier,应用,应用
1588,maven-wagon,应用,应用
1589,mc,应用,应用
1590,mcelog,系统,系统
1591,mcpp,应用,系统
1592,mcstrans,应用,系统
1593,mdadm,系统,核心
1594,mdevctl,系统,核心
1595,meanwhile,应用,应用
1596,mecab,应用,系统
1597,mecab-ipadic,应用,核心
1598,media-player-info,应用,系统
1599,memcached,应用,应用
1600,memkind,应用,系统
1601,memstrack,应用,应用
1602,memtest86+,应用,应用
1603,mercurial,应用,应用
1604,mesa,应用,核心
1605,mesa-demos,应用,核心
1606,mesa-libGLU,应用,核心
1607,mesa-libGLw,应用,核心
1608,meson,应用,系统
1609,metacity,应用,应用
1610,metis,应用,应用
1611,microcode_ctl,核心,核心
1612,microdnf,系统,应用
1613,micropipenv,应用,系统
1614,mimetic,应用,系统
1615,mingw-binutils,应用,应用
1616,mingw-bzip2,应用,核心
1617,mingw-cairo,应用,应用
1618,mingw-crt,应用,应用
1619,mingw-expat,应用,应用
1620,mingw-filesystem,应用,应用
1621,mingw-fontconfig,应用,应用
1622,mingw-freetype,应用,应用
1623,mingw-gcc,应用,应用
1624,mingw-gettext,应用,应用
1625,mingw-glib2,应用,应用
1626,mingw-gstreamer1,应用,应用
1627,mingw-harfbuzz,应用,应用
1628,mingw-headers,应用,应用
1629,mingw-icu,应用,应用
1630,mingw-libffi,应用,应用
1631,mingw-libjpeg-turbo,应用,应用
1632,mingw-libpng,应用,应用
1633,mingw-libtiff,应用,应用
1634,mingw-openssl,应用,应用
1635,mingw-pcre,应用,应用
1636,mingw-pixman,应用,应用
1637,mingw-pkg-config,应用,应用
1638,mingw-readline,应用,应用
1639,mingw-sqlite,应用,应用
1640,mingw-termcap,应用,应用
1641,mingw-win-iconv,应用,应用
1642,mingw-winpthreads,应用,应用
1643,mingw-zlib,应用,应用
1644,minicom,应用,应用
1645,minizip,应用,核心
1646,minizip1.2,应用,核心
1647,mksh,应用,系统
1648,mlocate,应用,应用
1649,mobile-broadband-provider-info,应用,核心
1650,mockito,应用,应用
1651,mod_auth_gssapi,应用,应用
1652,mod_auth_mellon,应用,应用
1653,mod_auth_openidc,应用,核心
1654,mod_authnz_pam,应用,核心
1655,mod_fcgid,应用,系统
1656,mod_http2,应用,核心
1657,mod_intercept_form_submit,应用,核心
1658,mod_lookup_identity,应用,核心
1659,mod_md,应用,核心
1660,mod_security_crs,应用,核心
1661,mod_security,应用,应用
1662,mod_wsgi,应用,系统
1663,modello,应用,应用
1664,modulemd-tools,系统,系统
1665,mojo-parent,应用,应用
1666,mokutil,应用,核心
1667,motif,应用,核心
1668,mousetweaks,应用,应用
1669,mozilla-filesystem,应用,其它
1670,mozjs52,系统,系统
1671,mozjs60,系统,系统
1672,mozvoikko,应用,应用
1673,mpfr,系统,系统
1674,mpg123,应用,核心
1675,mpich,应用,系统
1676,mpitests,应用,系统
1677,mpv,应用,应用
1678,mrtg,应用,核心
1679,mstflint,系统,应用
1680,mtdev,系统,核心
1681,mtools,系统,核心
1682,mtr,应用,应用
1683,mt-st,应用,系统
1684,mtx,应用,系统
1685,multilib-rpm-config,应用,核心
1686,munge,应用,核心
1687,munge-maven-plugin,应用,应用
1688,mutt,应用,系统
1689,mutter,应用,应用
1690,mvapich2,应用,系统
1691,mysql,应用,系统
1692,mysql-selinux,应用,系统
1693,mythes,应用,核心
1694,mythes-bg,应用,应用
1695,mythes-ca,应用,应用
1696,mythes-cs,应用,应用
1697,mythes-da,应用,应用
1698,mythes-de,应用,应用
1699,mythes-el,应用,应用
1700,mythes-en,应用,应用
1701,mythes-es,应用,应用
1702,mythes-fr,应用,应用
1703,mythes-ga,应用,应用
1704,mythes-hu,应用,应用
1705,mythes-it,应用,应用
1706,mythes-mi,应用,应用
1707,mythes-ne,应用,应用
1708,mythes-nl,应用,应用
1709,mythes-pl,应用,应用
1710,mythes-pt,应用,应用
1711,mythes-ro,应用,应用
1712,mythes-ru,应用,应用
1713,mythes-sk,应用,应用
1714,mythes-sl,应用,应用
1715,mythes-sv,应用,应用
1716,mythes-uk,应用,应用
1717,nafees-web-naskh-fonts,其它,其它
1718,nano,应用,核心
1719,nasm,应用,系统
1720,nautilus,应用,应用
1721,nautilus-sendto,应用,应用
1722,navilu-fonts,其它,其它
1723,nbdkit,系统,应用
1724,ncompress,应用,核心
1725,ncurses,系统,核心
1726,ndctl,系统,系统
1727,neon,系统,应用
1728,nerdctl,应用,系统
1729,netcf,系统,应用
1730,netlabel_tools,系统,其它
1731,netpbm,应用,系统
1732,net-snmp,应用,系统
1733,nettle,系统,系统
1734,net-tools,系统,系统
1735,NetworkManager,系统,应用
1736,network-manager-applet,系统,应用
1737,NetworkManager-libreswan,系统,应用
1738,newt,应用,系统
1739,nfs4-acl-tools,系统,核心
1740,nfs-utils,系统,系统
1741,nftables,系统,系统
1742,nghttp2,应用,应用
1743,nginx,应用,应用
1744,ninja-build,应用,应用
1745,nispor,应用,核心
1746,nkf,应用,系统
1747,nmap,系统,核心
1748,nmstate,系统,系统
1749,nodejs,应用,系统
1750,nodejs-nodemon,应用,其它
1751,nodejs-packaging,应用,系统
1752,npth,系统,系统
1753,nspr,系统,系统
1754,nss_nis,系统,核心
1755,nss_wrapper,系统,系统
1756,nss,系统,核心
1757,nss-altfiles,系统,系统
1758,nss-pam-ldapd,系统,系统
1759,ntfs-3g,系统,核心
1760,ntpstat,系统,核心
1761,numactl,系统,系统
1762,numad,系统,系统
1763,numatop,系统,核心
1764,numpy,应用,系统
1765,nvme-cli,系统,应用
1766,nvmetcli,系统,系统
1767,nydus-rs,应用,核心
1768,nydus-snapshotter,应用,核心
1769,objectweb-asm,应用,应用
1770,objectweb-pom,应用,应用
1771,objenesis,应用,应用
1772,ocaml,应用,应用
1773,ocaml-camlp4,应用,核心
1774,ocaml-cppo,应用,系统
1775,ocaml-extlib,应用,系统
1776,ocaml-findlib,应用,应用
1777,ocaml-labltk,应用,应用
1778,ocaml-ocamlbuild,应用,系统
1779,ocaml-srpm-macros,应用,系统
1780,oceanbase-ce,应用,核心
1781,oci-seccomp-bpf-hook,应用,系统
1782,oci-systemd-hook,应用,应用
1783,oci-umount,应用,核心
1784,ocl-icd,应用,核心
1785,oddjob,应用,核心
1786,omping,应用,系统
1787,onboard,应用,应用
1788,ongres-scram,应用,应用
1789,oniguruma,应用,核心
1790,opa-ff,应用,核心
1791,opa-fm,应用,应用
1792,openal-soft,应用,系统
1793,openblas,应用,应用
1794,openblas-srpm-macros,应用,系统
1795,openbox,应用,核心
1796,openchange,应用,系统
1797,opencl-filesystem,应用,核心
1798,opencl-headers,应用,核心
1799,opencore-amr,应用,系统
1800,opencryptoki,应用,系统
1801,opencv,应用,应用
1802,opendnssec,应用,核心
1803,OpenEXR,系统,应用
1804,openhpi,应用,核心
1805,OpenIPMI,系统,应用
1806,openjade,应用,核心
1807,openjpeg2,应用,应用
1808,openldap,系统,应用
1809,openmpi,应用,应用
1810,openoffice.org-dict-cs_CZ,应用,应用
1811,openoffice-lv,应用,应用
1812,openpgm,应用,核心
1813,open-sans-fonts,其它,其它
1814,opensc,应用,核心
1815,openscap,应用,应用
1816,openslp,应用,核心
1817,opensm,应用,系统
1818,opensp,应用,核心
1819,openssh,系统,应用
1820,openssl,核心,核心
1821,openssl-ibmpkcs11,核心,核心
1822,openssl-pkcs11,核心,核心
1823,opentest4j,应用,应用
1824,open-vm-tools,应用,应用
1825,openwsman,应用,应用
1826,opus,应用,核心
1827,orc,应用,应用
1828,orca,应用,应用
1829,osbuild,系统,系统
1830,osbuild-composer,系统,应用
1831,oscap-anaconda-addon,应用,应用
1832,osgi-annotation,应用,应用
1833,osgi-compendium,应用,应用
1834,osgi-core,应用,应用
1835,osinfo-db,系统,核心
1836,osinfo-db-tools,系统,应用
1837,os-maven-plugin,应用,应用
1838,os-prober,系统,核心
1839,ostree,系统,核心
1840,owasp-java-encoder,应用,应用
1841,p11-kit,系统,核心
1842,p7zip,应用,核心
1843,pacemaker,系统,系统
1844,PackageKit,应用,应用
1845,pakchois,应用,系统
1846,paktype-naqsh-fonts,其它,其它
1847,paktype-naskh-basic-fonts,其它,其它
1848,paktype-tehreer-fonts,其它,其它
1849,pam,核心,核心
1850,pandoc,应用,应用
1851,pango,应用,其它
1852,pangomm,应用,应用
1853,papi,应用,系统
1854,papirus-icon-theme,应用,核心
1855,paps,应用,应用
1856,paratype-pt-sans-fonts,其它,其它
1857,parfait,应用,应用
1858,parted,系统,核心
1859,passwd,系统,应用
1860,patch,应用,核心
1861,pavucontrol,应用,应用
1862,pcaudiolib,应用,核心
1863,pciutils,系统,核心
1864,pcm,系统,应用
1865,pcp,系统,核心
1866,pcre2,系统,核心
1867,pcre,系统,核心
1868,pcs,系统,系统
1869,pcsc-lite,应用,应用
1870,pcsc-lite-ccid,应用,系统
1871,pentaho-libxml,应用,应用
1872,pentaho-reporting-flow-engine,应用,应用
1873,perftest,系统,系统
1874,peripety,应用,系统
1875,perl,系统,系统
1876,perl-Algorithm-Diff,系统,系统
1877,perl-AnyEvent,系统,应用
1878,perl-Any-URI-Escape,系统,系统
1879,perl-App-cpanminus,系统,系统
1880,perl-Archive-Tar,系统,核心
1881,perl-Archive-Zip,系统,核心
1882,perl-Authen-SASL,系统,系统
1883,perl-autodie,系统,系统
1884,perl-B-Debug,系统,系统
1885,perl-B-Hooks-EndOfScope,系统,核心
1886,perl-bignum,系统,系统
1887,perl-Bit-Vector,系统,系统
1888,perl-B-Lint,系统,系统
1889,perl-Canary-Stability,系统,系统
1890,perl-Capture-Tiny,系统,系统
1891,perl-Carp,系统,系统
1892,perl-Carp-Clan,系统,系统
1893,perl-CGI,系统,系统
1894,perl-Class-Accessor,系统,系统
1895,perl-Class-Data-Inheritable,系统,系统
1896,perl-Class-Factory-Util,系统,系统
1897,perl-Class-Inspector,系统,系统
1898,perl-Class-ISA,系统,系统
1899,perl-Class-Method-Modifiers,系统,系统
1900,perl-Class-Singleton,系统,系统
1901,perl-Class-Tiny,系统,系统
1902,perl-Class-XSAccessor,系统,系统
1903,perl-Clone,系统,系统
1904,perl-common-sense,系统,系统
1905,perl-Compress-Bzip2,系统,核心
1906,perl-Compress-Raw-Bzip2,系统,系统
1907,perl-Compress-Raw-Lzma,系统,系统
1908,perl-Compress-Raw-Zlib,系统,系统
1909,perl-Config-AutoConf,系统,系统
1910,perl-Config-Perl-V,系统,系统
1911,perl-Config-Tiny,系统,系统
1912,perl-constant,系统,系统
1913,perl-Convert-ASN1,系统,系统
1914,perl-CPAN,系统,系统
1915,perl-CPAN-DistnameInfo,系统,系统
1916,perl-CPAN-Meta,系统,系统
1917,perl-CPAN-Meta-Check,系统,核心
1918,perl-CPAN-Meta-Requirements,系统,系统
1919,perl-CPAN-Meta-YAML,系统,系统
1920,perl-Crypt-OpenSSL-Bignum,系统,系统
1921,perl-Crypt-OpenSSL-Random,系统,系统
1922,perl-Crypt-OpenSSL-RSA,系统,系统
1923,perl-Data-Dump,系统,系统
1924,perl-Data-Dumper,系统,系统
1925,perl-Data-OptList,系统,系统
1926,perl-Data-Section,系统,系统
1927,perl-Data-UUID,系统,系统
1928,perl-Date-Calc,系统,系统
1929,perl-Date-ISO8601,系统,系统
1930,perl-Date-Manip,系统,系统
1931,perl-DateTime,系统,系统
1932,perl-DateTime-Format-Builder,系统,系统
1933,perl-DateTime-Format-HTTP,系统,系统
1934,perl-DateTime-Format-ISO8601,系统,系统
1935,perl-DateTime-Format-Mail,系统,系统
1936,perl-DateTime-Format-Strptime,系统,系统
1937,perl-DateTime-Locale,系统,系统
1938,perl-DateTime-TimeZone,系统,系统
1939,perl-DateTime-TimeZone-SystemV,系统,系统
1940,perl-DateTime-TimeZone-Tzfile,系统,系统
1941,perl-DB_File,系统,系统
1942,perl-DBD-MySQL,系统,系统
1943,perl-DBD-Pg,系统,系统
1944,perl-DBD-SQLite,系统,系统
1945,perl-DBI,系统,系统
1946,perl-Devel-CallChecker,系统,系统
1947,perl-Devel-Caller,系统,系统
1948,perl-Devel-CheckLib,系统,系统
1949,perl-Devel-GlobalDestruction,系统,系统
1950,perl-Devel-LexAlias,系统,系统
1951,perl-Devel-PPPort,系统,系统
1952,perl-Devel-Size,系统,系统
1953,perl-Devel-StackTrace,系统,系统
1954,perl-Devel-Symdump,系统,系统
1955,perl-Digest,系统,系统
1956,perl-Digest-CRC,系统,系统
1957,perl-Digest-HMAC,系统,系统
1958,perl-Digest-MD5,系统,系统
1959,perl-Digest-SHA1,系统,系统
1960,perl-Digest-SHA,系统,系统
1961,perl-Dist-CheckConflicts,系统,系统
1962,perl-DynaLoader-Functions,系统,系统
1963,perl-Encode,系统,核心
1964,perl-Encode-Detect,系统,系统
1965,perl-Encode-Locale,系统,系统
1966,perl-Env,系统,系统
1967,perl-Error,系统,系统
1968,perl-Eval-Closure,系统,系统
1969,perl-Exception-Class,系统,系统
1970,perl-experimental,系统,系统
1971,perl-Exporter,系统,系统
1972,perl-Exporter-Tiny,系统,系统
1973,perl-ExtUtils-CBuilder,系统,系统
1974,perl-ExtUtils-Install,系统,系统
1975,perl-ExtUtils-MakeMaker,系统,系统
1976,perl-ExtUtils-Manifest,系统,系统
1977,perl-ExtUtils-ParseXS,系统,系统
1978,perl-FCGI,系统,系统
1979,perl-Fedora-VSP,系统,系统
1980,perl-File-BaseDir,系统,系统
1981,perl-File-chdir,系统,系统
1982,perl-File-CheckTree,系统,系统
1983,perl-File-Copy-Recursive,系统,系统
1984,perl-File-DesktopEntry,系统,系统
1985,perl-File-Fetch,系统,系统
1986,perl-File-Find-Object,系统,系统
1987,perl-File-Find-Rule,系统,系统
1988,perl-File-HomeDir,系统,系统
1989,perl-File-Listing,系统,系统
1990,perl-File-MimeInfo,系统,系统
1991,perl-File-Path,系统,系统
1992,perl-File-pushd,系统,系统
1993,perl-File-ReadBackwards,系统,系统
1994,perl-File-Remove,系统,系统
1995,perl-File-ShareDir,系统,系统
1996,perl-File-Slurp,系统,系统
1997,perl-File-Temp,系统,系统
1998,perl-File-Which,系统,系统
1999,perl-Filter,系统,系统
2000,perl-Filter-Simple,系统,系统
2001,perl-generators,系统,系统
2002,perl-Getopt-Long,系统,系统
2003,perl-gettext,系统,系统
2004,perl-GSSAPI,系统,应用
2005,perl-HTML-Parser,系统,系统
2006,perl-HTML-Tagset,系统,系统
2007,perl-HTML-Tree,系统,系统
2008,perl-HTTP-Cookies,系统,系统
2009,perl-HTTP-Daemon,系统,系统
2010,perl-HTTP-Date,系统,系统
2011,perl-HTTP-Message,系统,应用
2012,perl-HTTP-Negotiate,系统,系统
2013,perl-HTTP-Tiny,系统,应用
2014,perl-Importer,系统,系统
2015,perl-Import-Into,系统,系统
2016,perl-inc-latest,系统,系统
2017,perl-IO-All,系统,系统
2018,perl-IO-Compress,系统,系统
2019,perl-IO-Compress-Lzma,系统,系统
2020,perl-IO-HTML,系统,系统
2021,perl-IO-Multiplex,系统,系统
2022,perl-IO-Socket-INET6,系统,系统
2023,perl-IO-Socket-IP,系统,系统
2024,perl-IO-Socket-SSL,系统,系统
2025,perl-IO-String,系统,系统
2026,perl-IO-stringy,系统,系统
2027,perl-IO-Tty,系统,系统
2028,perl-IPC-Cmd,系统,系统
2029,perl-IPC-Run,系统,系统
2030,perl-IPC-Run3,系统,系统
2031,perl-IPC-System-Simple,系统,系统
2032,perl-IPC-SysV,系统,系统
2033,perl-JSON,系统,系统
2034,perl-JSON-PP,系统,系统
2035,perl-JSON-XS,系统,核心
2036,perl-LDAP,系统,系统
2037,perl-libintl-perl,系统,系统
2038,perl-libnet,系统,系统
2039,perl-libwww-perl,系统,应用
2040,perl-libxml-perl,系统,系统
2041,perl-List-MoreUtils,系统,系统
2042,perl-List-MoreUtils-XS,系统,系统
2043,perl-Locale-Codes,系统,系统
2044,perl-Locale-Maketext,系统,系统
2045,perl-local-lib,系统,系统
2046,perl-LWP-MediaTypes,系统,系统
2047,perl-LWP-Protocol-https,系统,系统
2048,perl-Mail-DKIM,系统,系统
2049,perl-Mail-Sender,系统,系统
2050,perl-Mail-SPF,系统,系统
2051,perl-MailTools,系统,系统
2052,perl-Math-BigInt,系统,系统
2053,perl-Math-BigInt-FastCalc,系统,系统
2054,perl-Math-BigRat,系统,系统
2055,perl-MIME-Base64,系统,系统
2056,perl-MIME-Charset,系统,系统
2057,perl-MIME-Types,系统,系统
2058,perl-Module-Build,系统,系统
2059,perl-Module-CoreList,系统,系统
2060,perl-Module-CPANfile,系统,系统
2061,perl-Module-Implementation,系统,系统
2062,perl-Module-Install,系统,系统
2063,perl-Module-Install-AuthorTests,系统,系统
2064,perl-Module-Install-ReadmeFromPod,系统,系统
2065,perl-Module-Load,系统,系统
2066,perl-Module-Load-Conditional,系统,系统
2067,perl-Module-Metadata,系统,系统
2068,perl-Module-Pluggable,系统,系统
2069,perl-Module-Runtime,系统,系统
2070,perl-Module-ScanDeps,系统,系统
2071,perl-Mozilla-CA,系统,系统
2072,perl-Mozilla-LDAP,系统,系统
2073,perl-MRO-Compat,系统,系统
2074,perl-namespace-autoclean,系统,应用
2075,perl-namespace-clean,系统,系统
2076,perl-NetAddr-IP,系统,系统
2077,perl-Net-DNS,系统,系统
2078,perl-Net-HTTP,系统,系统
2079,perl-Net-Server,系统,应用
2080,perl-Net-SMTP-SSL,系统,系统
2081,perl-Net-SSLeay,系统,系统
2082,perl-NTLM,系统,系统
2083,perl-Number-Compare,系统,系统
2084,perl-Object-HashBase,系统,系统
2085,perl-Package-DeprecationManager,系统,系统
2086,perl-Package-Generator,系统,系统
2087,perl-Package-Stash,系统,系统
2088,perl-Package-Stash-XS,系统,系统
2089,perl-PadWalker,系统,系统
2090,perl-Params-Check,系统,应用
2091,perl-Params-Classify,系统,系统
2092,perl-Params-Util,系统,系统
2093,perl-Params-Validate,系统,系统
2094,perl-Params-ValidationCompiler,系统,系统
2095,perl-parent,系统,系统
2096,perl-Parse-PMFile,系统,系统
2097,perl-Parse-Yapp,系统,系统
2098,perl-Path-Tiny,系统,系统
2099,perl-PathTools,系统,系统
2100,perl-Perl-Destruct-Level,系统,系统
2101,perl-perlfaq,系统,系统
2102,perl-PerlIO-utf8_strict,系统,系统
2103,perl-PerlIO-via-QuotedPrint,系统,系统
2104,perl-Perl-OSType,系统,系统
2105,perl-Pod-Checker,系统,系统
2106,perl-Pod-Coverage,系统,系统
2107,perl-Pod-Escapes,系统,系统
2108,perl-Pod-LaTeX,系统,系统
2109,perl-podlators,系统,系统
2110,perl-Pod-Markdown,系统,系统
2111,perl-Pod-Parser,系统,系统
2112,perl-Pod-Perldoc,系统,应用
2113,perl-Pod-Plainer,系统,系统
2114,perl-Pod-Simple,系统,系统
2115,perl-Pod-Usage,系统,系统
2116,perl-prefork,系统,系统
2117,perl-Readonly,系统,系统
2118,perl-Ref-Util,系统,系统
2119,perl-Ref-Util-XS,系统,系统
2120,perl-Role-Tiny,系统,系统
2121,perl-Scalar-List-Utils,系统,系统
2122,perl-Scope-Guard,系统,系统
2123,perl-SGMLSpm,系统,系统
2124,perl-SNMP_Session,系统,系统
2125,perl-Socket,系统,系统
2126,perl-Socket6,系统,系统
2127,perl-Software-License,系统,系统
2128,perl-Specio,系统,系统
2129,perl-srpm-macros,系统,核心
2130,perl-Storable,系统,系统
2131,perl-String-CRC32,系统,系统
2132,perl-String-ShellQuote,系统,系统
2133,perl-Sub-Exporter,系统,系统
2134,perl-Sub-Exporter-Progressive,系统,系统
2135,perl-Sub-Identify,系统,系统
2136,perl-Sub-Info,系统,系统
2137,perl-Sub-Install,系统,应用
2138,perl-Sub-Name,系统,系统
2139,perl-Sub-Uplevel,系统,应用
2140,perl-SUPER,系统,系统
2141,perl-Switch,系统,系统
2142,perl-Sys-CPU,系统,系统
2143,perl-Sys-MemInfo,系统,系统
2144,perl-Sys-Syslog,系统,系统
2145,perl-Sys-Virt,系统,系统
2146,perl-Taint-Runtime,系统,系统
2147,perl-Term-ANSIColor,系统,系统
2148,perl-Term-Cap,系统,系统
2149,perl-TermReadKey,系统,系统
2150,perl-Term-Size-Any,系统,系统
2151,perl-Term-Size-Perl,系统,系统
2152,perl-Term-Table,系统,应用
2153,perl-Test2-Suite,系统,系统
2154,perl-Test-Deep,系统,系统
2155,perl-Test-Differences,系统,系统
2156,perl-Test-Exception,系统,系统
2157,perl-Test-Fatal,系统,系统
2158,perl-Test-Harness,系统,核心
2159,perl-Test-LongString,系统,系统
2160,perl-Test-NoWarnings,系统,系统
2161,perl-Test-Pod,系统,系统
2162,perl-Test-Pod-Coverage,系统,系统
2163,perl-Test-Requires,系统,系统
2164,perl-Test-Simple,系统,系统
2165,perl-Test-Taint,系统,系统
2166,perl-Test-Warn,系统,系统
2167,perl-Test-Warnings,系统,系统
2168,perl-Text-Balanced,系统,系统
2169,perl-Text-CharWidth,系统,系统
2170,perl-Text-Diff,系统,系统
2171,perl-Text-Glob,系统,系统
2172,perl-Text-ParseWords,系统,系统
2173,perl-Text-Soundex,系统,系统
2174,perl-Text-Tabs+Wrap,系统,系统
2175,perl-Text-Template,系统,系统
2176,perl-Text-Unidecode,系统,系统
2177,perl-Text-WrapI18N,系统,系统
2178,perl-Thread-Queue,系统,系统
2179,perl-threads,系统,系统
2180,perl-threads-shared,系统,系统
2181,perltidy,系统,系统
2182,perl-Tie-IxHash,系统,系统
2183,perl-TimeDate,系统,系统
2184,perl-Time-HiRes,系统,系统
2185,perl-Time-Local,系统,系统
2186,perl-Tk,系统,应用
2187,perl-Try-Tiny,系统,系统
2188,perl-Types-Serialiser,系统,系统
2189,perl-Unicode-Collate,系统,系统
2190,perl-Unicode-EastAsianWidth,系统,系统
2191,perl-Unicode-LineBreak,系统,系统
2192,perl-Unicode-Normalize,系统,系统
2193,perl-Unicode-UTF8,系统,系统
2194,perl-Unix-Syslog,系统,系统
2195,perl-URI,系统,应用
2196,perl-Variable-Magic,系统,系统
2197,perl-version,系统,系统
2198,perl-WWW-RobotRules,系统,系统
2199,perl-XML-Catalog,系统,系统
2200,perl-XML-DOM,系统,系统
2201,perl-XML-LibXML,系统,应用
2202,perl-XML-LibXML-PrettyPrint,系统,系统
2203,perl-XML-NamespaceSupport,系统,系统
2204,perl-XML-Parser,系统,系统
2205,perl-XML-RegExp,系统,系统
2206,perl-XML-SAX,系统,应用
2207,perl-XML-SAX-Base,系统,系统
2208,perl-XML-Simple,系统,系统
2209,perl-XML-TokeParser,系统,系统
2210,perl-XML-Twig,系统,系统
2211,perl-XML-Writer,系统,系统
2212,perl-XML-XPath,系统,系统
2213,perl-YAML,系统,系统
2214,perl-YAML-LibYAML,系统,系统
2215,perl-YAML-Syck,系统,系统
2216,perl-YAML-Tiny,系统,系统
2217,pesign,应用,系统
2218,pg_repack,应用,系统
2219,pgaudit,应用,核心
2220,phonon,应用,应用
2221,php,应用,核心
2222,php-pear,应用,核心
2223,php-pecl-apcu,应用,系统
2224,php-pecl-rrd,应用,系统
2225,php-pecl-xdebug,应用,核心
2226,php-pecl-xdebug3,应用,核心
2227,php-pecl-zip,应用,系统
2228,pidgin,应用,应用
2229,pidgin-sipe,应用,应用
2230,pigz,应用,应用
2231,pinentry,应用,应用
2232,pinfo,应用,系统
2233,pipewire0.2,应用,核心
2234,pipewire,应用,核心
2235,pixman,应用,核心
2236,pkgconf,系统,应用
2237,pki-core,应用,系统
2238,pki-servlet-engine,应用,应用
2239,plasma-breeze,应用,应用
2240,plexus-ant-factory,应用,应用
2241,plexus-archiver,应用,应用
2242,plexus-bsh-factory,应用,应用
2243,plexus-build-api,应用,应用
2244,plexus-cipher,应用,应用
2245,plexus-classworlds,应用,应用
2246,plexus-cli,应用,应用
2247,plexus-compiler,应用,应用
2248,plexus-component-api,应用,应用
2249,plexus-component-factories-pom,应用,应用
2250,plexus-components-pom,应用,应用
2251,plexus-containers,应用,应用
2252,plexus-i18n,应用,应用
2253,plexus-interactivity,应用,应用
2254,plexus-interpolation,应用,应用
2255,plexus-io,应用,应用
2256,plexus-languages,应用,应用
2257,plexus-pom,应用,应用
2258,plexus-resources,应用,应用
2259,plexus-sec-dispatcher,应用,应用
2260,plexus-utils,应用,应用
2261,plexus-velocity,应用,应用
2262,plotutils,应用,应用
2263,plymouth,系统,系统
2264,pmdk,系统,系统
2265,pmdk-convert,系统,系统
2266,pmix,应用,系统
2267,pnm2ppa,应用,应用
2268,po4a,应用,应用
2269,podman,应用,应用
2270,polardb,应用,应用
2271,policycoreutils,系统,应用
2272,polkit,系统,应用
2273,polkit-pkla-compat,应用,系统
2274,polkit-qt-1,应用,应用
2275,poppler,应用,应用
2276,poppler-data,应用,核心
2277,popt,系统,核心
2278,portreserve,系统,系统
2279,postfix,应用,系统
2280,postgres-decoderbufs,应用,系统
2281,postgresql,应用,系统
2282,postgresql-jdbc,应用,应用
2283,postgresql-odbc,应用,应用
2284,potrace,应用,应用
2285,powermock,应用,应用
2286,powertop,应用,应用
2287,ppp,系统,应用
2288,pptp,应用,系统
2289,prefixdevname,系统,系统
2290,procmail,应用,核心
2291,procps-ng,系统,系统
2292,prometheus-jmx-exporter,应用,应用
2293,protobuf,应用,核心
2294,protobuf-c,应用,应用
2295,ps_mem,应用,系统
2296,psacct,应用,系统
2297,psmisc,系统,核心
2298,publicsuffix-list,应用,系统
2299,pugixml,应用,核心
2300,pulseaudio,系统,核心
2301,py3c,系统,系统
2302,pyatspi,系统,核心
2303,pybind11,系统,系统
2304,pycairo,系统,系统
2305,pygobject2,系统,应用
2306,pygobject3,系统,应用
2307,pygtk2,应用,应用
2308,pykickstart,系统,系统
2309,pyodbc,系统,系统
2310,pyOpenSSL,系统,系统
2311,pyparsing,系统,系统
2312,pyparted,系统,系统
2313,pyserial,系统,系统
2314,pytest,系统,系统
2315,python2,系统,核心
2316,python2-pip,系统,系统
2317,python2-pycairo,系统,系统
2318,python2-rpm-macros,系统,系统
2319,python2-setuptools,系统,系统
2320,python2-six,系统,系统
2321,python3,系统,系统
2322,python36,系统,系统
2323,python38,系统,系统
2324,python39,系统,系统
2325,python3-azure-sdk,系统,系统
2326,python3x-pip,系统,系统
2327,python3x-pyparsing,系统,系统
2328,python3x-setuptools,系统,系统
2329,python3x-six,系统,系统
2330,python-argcomplete,系统,系统
2331,python-argh,系统,应用
2332,python-asn1crypto,系统,系统
2333,python-atomicwrites,系统,系统
2334,python-attrs,系统,核心
2335,python-augeas,系统,应用
2336,python-backports,系统,系统
2337,python-backports-ssl_match_hostname,系统,系统
2338,python-blivet,系统,系统
2339,python-boto3,系统,系统
2340,python-botocore,系统,核心
2341,python-cffi,系统,系统
2342,python-chardet,系统,系统
2343,python-click,系统,系统
2344,python-configobj,系统,系统
2345,python-configshell,系统,应用
2346,python-coverage,系统,系统
2347,python-cpio,系统,系统
2348,python-cryptography,系统,系统
2349,python-cups,系统,应用
2350,python-dasbus,系统,系统
2351,python-dateutil,系统,核心
2352,python-dbus-client-gen,系统,系统
2353,python-dbus-python-client-gen,系统,系统
2354,python-dbus-signature-pyparsing,系统,系统
2355,python-decorator,系统,系统
2356,python-distro,系统,系统
2357,python-dmidecode,系统,核心
2358,python-dns,系统,系统
2359,python-docs,系统,系统
2360,python-docutils,系统,系统
2361,python-enchant,系统,系统
2362,python-ethtool,系统,系统
2363,python-evdev,系统,系统
2364,python-fasteners,系统,系统
2365,python-flask,系统,系统
2366,python-funcsigs,系统,系统
2367,python-gevent,系统,系统
2368,python-gflags,系统,系统
2369,python-greenlet,系统,系统
2370,python-gssapi,系统,应用
2371,python-html5lib,系统,系统
2372,python-httplib2,系统,系统
2373,python-humanize,系统,核心
2374,python-hwdata,系统,核心
2375,python-hypothesis,系统,系统
2376,python-idna,系统,系统
2377,python-imagesize,系统,系统
2378,python-iniconfig,系统,系统
2379,python-iniparse,系统,系统
2380,python-inotify,系统,系统
2381,python-into-dbus-python,系统,系统
2382,python-ipaddress,系统,系统
2383,python-iso8601,系统,核心
2384,python-itsdangerous,系统,系统
2385,python-jinja2,系统,系统
2386,python-jmespath,系统,系统
2387,python-jsonpatch,系统,系统
2388,python-jsonpointer,系统,系统
2389,python-jsonschema,系统,系统
2390,python-justbases,系统,系统
2391,python-justbytes,系统,系统
2392,python-jwcrypto,系统,核心
2393,python-jwt,系统,系统
2394,python-kdcproxy,系统,核心
2395,python-kmod,系统,系统
2396,python-ldap,系统,核心
2397,python-lesscpy,系统,系统
2398,python-linux-procfs,系统,系统
2399,python-lit,系统,系统
2400,python-lxml,系统,系统
2401,python-mako,系统,系统
2402,python-markdown,系统,系统
2403,python-markupsafe,系统,系统
2404,python-meh,系统,应用
2405,python-mock,系统,系统
2406,python-more-itertools,系统,系统
2407,python-netaddr,系统,系统
2408,python-netifaces,系统,系统
2409,python-networkx,系统,系统
2410,python-nose,系统,系统
2411,python-nss,系统,系统
2412,python-ntplib,系统,系统
2413,python-oauth2client,系统,系统
2414,python-oauthlib,系统,核心
2415,python-ordered-set,系统,系统
2416,python-packaging,系统,系统
2417,python-pexpect,系统,系统
2418,python-pid,系统,系统
2419,python-pillow,系统,应用
2420,python-pip,系统,系统
2421,python-pluggy,系统,核心
2422,python-ply,系统,系统
2423,python-podman,系统,系统
2424,python-podman-api,系统,系统
2425,python-prettytable,系统,系统
2426,python-productmd,系统,系统
2427,python-psutil,系统,系统
2428,python-psycopg2,系统,系统
2429,python-ptyprocess,系统,应用
2430,python-py,系统,系统
2431,python-pyasn1,系统,系统
2432,python-pycparser,系统,系统
2433,python-pycurl,系统,系统
2434,python-pydbus,系统,系统
2435,python-pyghmi,系统,核心
2436,python-pygments,系统,应用
2437,python-pymongo,系统,系统
2438,python-PyMySQL,系统,核心
2439,python-pysocks,系统,系统
2440,python-pytest-mock,系统,系统
2441,python-pytoml,系统,核心
2442,python-pyudev,系统,系统
2443,python-qrcode,系统,系统
2444,python-qt5,应用,应用
2445,python-reportlab,系统,应用
2446,python-requests,系统,系统
2447,python-requests-file,系统,系统
2448,python-requests-ftp,系统,系统
2449,python-requests-oauthlib,系统,系统
2450,python-resolvelib,系统,应用
2451,python-rpmfluff,系统,系统
2452,python-rpm-generators,系统,系统
2453,python-rpm-macros,系统,系统
2454,python-rtslib,系统,系统
2455,python-s3transfer,系统,系统
2456,python-schedutils,系统,系统
2457,python-scour,系统,核心
2458,python-semantic_version,系统,系统
2459,python-setuptools_scm,系统,系统
2460,python-setuptools,系统,系统
2461,python-simpleline,系统,系统
2462,python-six,系统,系统
2463,python-slip,系统,系统
2464,python-snowballstemmer,系统,系统
2465,python-sphinx_rtd_theme,系统,其它
2466,python-sphinx,系统,系统
2467,python-sphinxcontrib-websupport,系统,系统
2468,python-sphinx-theme-alabaster,系统,系统
2469,python-sqlalchemy,系统,系统
2470,python-suds,系统,系统
2471,python-sure,系统,系统
2472,python-sushy,系统,系统
2473,python-systemd,系统,系统
2474,python-toml,系统,核心
2475,python-unittest2,系统,系统
2476,python-uritemplate,系统,系统
2477,python-urllib3,系统,系统
2478,python-urwid,系统,系统
2479,python-varlink,系统,系统
2480,python-virtualenv,系统,系统
2481,python-wcwidth,系统,系统
2482,python-webencodings,系统,系统
2483,python-werkzeug,系统,系统
2484,python-wheel,系统,系统
2485,python-whoosh,系统,系统
2486,python-yubico,系统,系统
2487,pytz,系统,核心
2488,pyusb,系统,系统
2489,pywbem,系统,系统
2490,pyxattr,系统,系统
2491,pyxdg,系统,系统
2492,PyYAML,系统,系统
2493,qatengine,系统,核心
2494,qatlib,系统,系统
2495,qatzip,系统,核心
2496,qdox,应用,应用
2497,qemu-kvm,系统,系统
2498,qgnomeplatform,应用,应用
2499,qhull,应用,核心
2500,qpdf,应用,应用
2501,qperf,系统,系统
2502,qrencode,应用,应用
2503,qt5,应用,应用
2504,qt5-doc,应用,核心
2505,qt5-qt3d,应用,应用
2506,qt5-qtbase,应用,应用
2507,qt5-qtcanvas3d,应用,应用
2508,qt5-qtconnectivity,应用,应用
2509,qt5-qtdeclarative,应用,应用
2510,qt5-qtdoc,应用,核心
2511,qt5-qtgraphicaleffects,应用,应用
2512,qt5-qtimageformats,应用,应用
2513,qt5-qtlocation,应用,应用
2514,qt5-qtmultimedia,应用,应用
2515,qt5-qtquickcontrols2,应用,应用
2516,qt5-qtquickcontrols,应用,应用
2517,qt5-qtscript,应用,应用
2518,qt5-qtsensors,应用,应用
2519,qt5-qtserialbus,应用,应用
2520,qt5-qtserialport,应用,系统
2521,qt5-qtsvg,应用,应用
2522,qt5-qttools,应用,应用
2523,qt5-qttranslations,应用,核心
2524,qt5-qtvirtualkeyboard,应用,应用
2525,qt5-qtwayland,应用,应用
2526,qt5-qtwebchannel,应用,应用
2527,qt5-qtwebengine,应用,应用
2528,qt5-qtwebsockets,应用,应用
2529,qt5-qtx11extras,应用,应用
2530,qt5-qtxmlpatterns,应用,应用
2531,qtchooser,应用,系统
2532,quota,系统,系统
2533,radvd,应用,系统
2534,raptor2,应用,应用
2535,rar,应用,核心
2536,rarian,应用,应用
2537,rasdaemon,系统,系统
2538,rasqal,应用,核心
2539,rdma-core,系统,系统
2540,re2,应用,系统
2541,re2c,应用,核心
2542,readline,系统,核心
2543,realmd,应用,应用
2544,rear,应用,核心
2545,recode,应用,系统
2546,redfish-finder,系统,应用
2547,redhat-lsb,核心,核心
2548,redhat-menus,核心,核心
2549,redhat-rpm-config,核心,核心
2550,redhat-support-lib-python,核心,核心
2551,redhat-support-tool,核心,系统
2552,redis,应用,系统
2553,redland,应用,应用
2554,regexp,应用,应用
2555,relaxngDatatype,应用,应用
2556,resource-agents,应用,应用
2557,rest,应用,应用
2558,resteasy,应用,应用
2559,rhythmbox,应用,应用
2560,rig,应用,系统
2561,rng-tools,系统,系统
2562,rocketmq,应用,应用
2563,rootfiles,核心,核心
2564,rpcbind,系统,系统
2565,rpcsvc-proto,系统,应用
2566,rpm,系统,核心
2567,rpmdevtools,系统,系统
2568,rpmlint,应用,系统
2569,rpm-mpi-hooks,系统,核心
2570,rpm-ostree,系统,应用
2571,rrdtool,应用,应用
2572,rshim,系统,应用
2573,rsync,应用,系统
2574,rsyslog,系统,系统
2575,rtkit,应用,核心
2576,rt-tests,应用,核心
2577,rubberband,应用,应用
2578,ruby,应用,应用
2579,rubygem-abrt,应用,应用
2580,rubygem-bson,应用,应用
2581,rubygem-bundler,应用,应用
2582,rubygem-diff-lcs,应用,应用
2583,rubygem-mongo,应用,应用
2584,rubygem-mysql2,应用,应用
2585,rubygem-pg,应用,应用
2586,rubygem-rspec,应用,应用
2587,rubygem-rspec-core,应用,应用
2588,rubygem-rspec-expectations,应用,应用
2589,rubygem-rspec-mocks,应用,应用
2590,rubygem-rspec-support,应用,应用
2591,runc,应用,系统
2592,rust,系统,系统
2593,rust-srpm-macros,系统,系统
2594,rust-toolset,系统,核心
2595,saab-fonts,其它,其它
2596,sac,应用,应用
2597,samba,应用,核心
2598,samyak-fonts,其它,其它
2599,sane-backends,应用,应用
2600,sane-frontends,应用,应用
2601,sanlock,系统,系统
2602,sassist,应用,系统
2603,sat4j,应用,应用
2604,satyr,应用,核心
2605,sbc,应用,系统
2606,sbd,应用,应用
2607,sblim-cmpi-base,应用,核心
2608,sblim-cmpi-devel,应用,核心
2609,sblim-gather,应用,核心
2610,sblim-indication_helper,应用,核心
2611,sblim-sfcb,应用,系统
2612,sblim-sfcc,应用,应用
2613,sblim-sfcCommon,应用,系统
2614,sblim-wbemcli,应用,应用
2615,scala,应用,应用
2616,scap-security-guide,应用,核心
2617,scap-workbench,应用,应用
2618,scipy,应用,系统
2619,scl-utils,系统,核心
2620,scons,应用,系统
2621,scotch,应用,应用
2622,scrub,应用,核心
2623,SDL,应用,系统
2624,SDL2,应用,系统
2625,seabios,系统,核心
2626,seahorse,应用,应用
2627,sed,核心,核心
2628,selinux-policy,系统,核心
2629,sendmail,应用,核心
2630,setools,系统,系统
2631,setroubleshoot,应用,应用
2632,setroubleshoot-plugins,系统,核心
2633,setserial,应用,核心
2634,setup,核心,核心
2635,sevctl,系统,核心
2636,sg3_utils,系统,核心
2637,sgabios,系统,系统
2638,sgml-common,应用,核心
2639,sgpio,应用,核心
2640,shadow-utils,应用,核心
2641,shared-mime-info,应用,应用
2642,sharutils,应用,系统
2643,shim,其它,其它
2644,shim-unsigned-x64,其它,其它
2645,sil-abyssinica-fonts,其它,其它
2646,sil-nuosu-fonts,其它,其它
2647,sil-padauk-fonts,其它,其它
2648,sil-scheherazade-fonts,其它,其它
2649,sip,应用,系统
2650,sisu,应用,应用
2651,sisu-mojos,应用,应用
2652,si-units,应用,应用
2653,skkdic,应用,核心
2654,skopeo,应用,应用
2655,slang,应用,系统
2656,slapi-nis,应用,系统
2657,slf4j,应用,应用
2658,slirp4netns,系统,应用
2659,smartmontools,系统,系统
2660,smc-fonts,其它,其它
2661,smc-tools,系统,核心
2662,snappy,应用,核心
2663,socat,系统,核心
2664,socket_wrapper,系统,应用
2665,softhsm,系统,核心
2666,sombok,应用,核心
2667,sos,应用,系统
2668,sos-collector,系统,系统
2669,sound-theme-freedesktop,应用,核心
2670,soundtouch,应用,核心
2671,soxr,应用,核心
2672,spamassassin,应用,系统
2673,spec-version-maven-plugin,应用,应用
2674,speech-dispatcher,应用,应用
2675,speex,应用,核心
2676,speexdsp,应用,核心
2677,spice,应用,应用
2678,spice-client-win,应用,应用
2679,spice-gtk,应用,核心
2680,spice-parent,应用,应用
2681,spice-protocol,应用,应用
2682,spice-qxl-wddm-dod,应用,应用
2683,spice-streaming-agent,应用,应用
2684,spice-vdagent,应用,应用
2685,spice-vdagent-win,应用,应用
2686,spirv-tools,系统,核心
2687,splix,系统,应用
2688,sqlite,系统,核心
2689,squashfs-tools,系统,核心
2690,squid,应用,应用
2691,srt,应用,系统
2692,ssar,系统,核心
2693,sscg,系统,核心
2694,sshpass,系统,系统
2695,sssd,系统,应用
2696,stalld,系统,系统
2697,star,应用,核心
2698,startdde,应用,应用
2699,startup-notification,应用,核心
2700,stax-ex,应用,应用
2701,stix-fonts,其它,其它
2702,strace,系统,核心
2703,stratis-cli,系统,系统
2704,stratisd,系统,核心
2705,stress-ng,应用,系统
2706,stunnel,应用,系统
2707,subscription-manager-migration-data,系统,核心
2708,subversion,应用,系统
2709,sudo,系统,核心
2710,sushi,应用,应用
2711,swig,应用,核心
2712,switcheroo-control,应用,应用
2713,swtpm,系统,应用
2714,symlinks,系统,核心
2715,sysfsutils,系统,核心
2716,syslinux,核心,核心
2717,system-config-printer,系统,应用
2718,systemd,其它,其它
2719,system-lsb,核心,核心
2720,system-storage-manager,系统,应用
2721,systemtap,系统,系统
2722,taglib,应用,应用
2723,tagsoup,应用,应用
2724,tang,应用,应用
2725,tar,应用,核心
2726,targetcli,系统,系统
2727,tbb,系统,系统
2728,tboot,系统,核心
2729,tcl,系统,核心
2730,tcpdump,系统,核心
2731,tcsh,应用,核心
2732,teckit,应用,应用
2733,telnet,系统,系统
2734,tengine,应用,核心
2735,tesseract,应用,应用
2736,tesseract-tessdata,应用,核心
2737,testng,应用,应用
2738,tex-fonts-hebrew,其它,其它
2739,texi2html,应用,系统
2740,texinfo,系统,系统
2741,texlive,应用,其它
2742,tftp,应用,核心
2743,thermald,系统,应用
2744,thunderbird,应用,系统
2745,tibetan-machine-uni-fonts,其它,其它
2746,tigervnc,应用,系统
2747,time,系统,核心
2748,timedatex,应用,应用
2749,tinycdb,应用,核心
2750,tinyxml2,应用,系统
2751,tix,应用,核心
2752,tk,应用,应用
2753,tlog,应用,应用
2754,tmpwatch,应用,核心
2755,tmux,应用,应用
2756,tog-pegasus,应用,核心
2757,tokyocabinet,应用,核心
2758,tomcatjss,应用,应用
2759,toolbox,应用,核心
2760,torque,应用,系统
2761,totem,应用,应用
2762,totem-pl-parser,应用,应用
2763,tpm2-abrmd,系统,核心
2764,tpm2-abrmd-selinux,系统,系统
2765,tpm2-tools,系统,核心
2766,tpm2-tss,系统,核心
2767,tpm-quote-tools,系统,系统
2768,tpm-tools,系统,核心
2769,trace-cmd,系统,应用
2770,tracer,应用,系统
2771,traceroute,系统,系统
2772,tracker,应用,系统
2773,tracker-miners,应用,应用
2774,transfig,应用,应用
2775,tree,应用,系统
2776,trousers,系统,系统
2777,tss2,应用,核心
2778,ttmkfdir,应用,应用
2779,tuna,应用,核心
2780,tuned,应用,核心
2781,twolame,应用,核心
2782,tzdata,核心,核心
2783,uchardet,应用,核心
2784,ucs-miscfixed-fonts,其它,其它
2785,ucx,应用,系统
2786,udftools,系统,系统
2787,udica,应用,系统
2788,udisks2,应用,应用
2789,udisks2-qt5,应用,应用
2790,uglify-js,应用,系统
2791,uid_wrapper,应用,应用
2792,unbound,应用,系统
2793,unicode-ucd,应用,核心
2794,unique,应用,应用
2795,unit-api,应用,应用
2796,units,应用,系统
2797,univocity-parsers,应用,应用
2798,unixODBC,应用,应用
2799,unrar,应用,核心
2800,unzip,应用,核心
2801,uom-lib,应用,应用
2802,uom-parent,应用,应用
2803,uom-se,应用,应用
2804,uom-systems,应用,应用
2805,update-motd,系统,系统
2806,upower,系统,应用
2807,urw-base35-fonts,其它,其它
2808,usb_modeswitch,应用,系统
2809,usb_modeswitch-data,应用,系统
2810,usbguard,系统,应用
2811,usbmuxd,系统,系统
2812,usbredir,系统,系统
2813,usbutils,系统,系统
2814,usermode,应用,应用
2815,userspace-rcu,应用,核心
2816,ustr,应用,核心
2817,utf8proc,应用,系统
2818,util-linux,核心,核心
2819,uuid,核心,核心
2820,v4l-utils,应用,应用
2821,vala,应用,应用
2822,valgrind,系统,系统
2823,vamp-plugin-sdk,应用,核心
2824,vapoursynth,应用,系统
2825,varnish,应用,系统
2826,varnish-modules,应用,核心
2827,vdo,应用,应用
2828,velocity,应用,应用
2829,vhostmd,系统,核心
2830,vid.stab,应用,应用
2831,vim,系统,系统
2832,vinagre,应用,应用
2833,vino,应用,应用
2834,virtio-win,应用,应用
2835,virt-manager,应用,应用
2836,virt-p2v,应用,应用
2837,virt-top,应用,核心
2838,virt-v2v,应用,应用
2839,virt-viewer,应用,应用
2840,virt-what,应用,核心
2841,vmaf,应用,核心
2842,vo-amrwbenc,应用,应用
2843,volume_key,系统,应用
2844,vorbis-tools,应用,应用
2845,vsftpd,应用,核心
2846,vte291,应用,应用
2847,vulkan-headers,应用,核心
2848,vulkan-loader,应用,核心
2849,vulkan-tools,应用,应用
2850,vulkan-validation-layers,应用,应用
2851,waf,应用,系统
2852,WALinuxAgent,系统,应用
2853,watchdog,系统,系统
2854,wavpack,应用,系统
2855,wayland,应用,应用
2856,wayland-protocols,应用,应用
2857,web-assets,应用,核心
2858,webkit2gtk3,应用,应用
2859,webrtc-audio-processing,应用,系统
2860,weld-parent,应用,应用
2861,weldr-client,系统,核心
2862,wget,应用,应用
2863,which,系统,核心
2864,whois,系统,系统
2865,wireshark,应用,应用
2866,woff2,应用,系统
2867,words,应用,应用
2868,wpa_supplicant,应用,系统
2869,wqy-microhei-fonts,其它,其它
2870,wqy-unibit-fonts,其它,其它
2871,wsmancli,应用,应用
2872,x264,应用,核心
2873,x265,应用,核心
2874,x3270,应用,应用
2875,xalan-j2,应用,应用
2876,xapian-core,应用,核心
2877,Xaw3d,应用,应用
2878,xbean,应用,应用
2879,xcb-proto,应用,应用
2880,xcb-util,应用,系统
2881,xcb-util-cursor,应用,系统
2882,xcb-util-image,应用,系统
2883,xcb-util-keysyms,应用,系统
2884,xcb-util-renderutil,应用,系统
2885,xcb-util-wm,应用,系统
2886,xdelta,应用,核心
2887,xdg-desktop-portal,应用,应用
2888,xdg-desktop-portal-gtk,应用,应用
2889,xdg-user-dirs,应用,核心
2890,xdg-user-dirs-gtk,应用,应用
2891,xdg-utils,应用,核心
2892,xdp-tools,应用,其它
2893,xerces-c,应用,核心
2894,xerces-j2,应用,应用
2895,xfsdump,系统,应用
2896,xfsprogs,系统,系统
2897,xhtml1-dtds,应用,应用
2898,xinetd,系统,系统
2899,xkeyboard-config,应用,核心
2900,xml-commons-apis,应用,应用
2901,xml-commons-resolver,应用,应用
2902,xmlgraphics-commons,应用,应用
2903,xmlrpc-c,应用,核心
2904,xmlsec1,应用,核心
2905,xmlstreambuffer,应用,应用
2906,xmlto,应用,应用
2907,xmltoman,应用,系统
2908,xmlunit,应用,应用
2909,xmvn,应用,应用
2910,xorg-sgml-doctools,应用,应用
2911,xorg-x11-apps,应用,应用
2912,xorg-x11-docs,应用,核心
2913,xorg-x11-drivers,应用,应用
2914,xorg-x11-drv-ati,应用,系统
2915,xorg-x11-drv-dummy,应用,应用
2916,xorg-x11-drv-evdev,应用,系统
2917,xorg-x11-drv-fbdev,应用,应用
2918,xorg-x11-drv-intel,应用,应用
2919,xorg-x11-drv-libinput,应用,应用
2920,xorg-x11-drv-nouveau,应用,系统
2921,xorg-x11-drv-qxl,应用,系统
2922,xorg-x11-drv-v4l,应用,应用
2923,xorg-x11-drv-vesa,应用,应用
2924,xorg-x11-drv-vmware,应用,应用
2925,xorg-x11-drv-wacom,应用,核心
2926,xorg-x11-fonts,其它,其它
2927,xorg-x11-font-utils,应用,应用
2928,xorg-x11-proto-devel,应用,核心
2929,xorg-x11-server,应用,应用
2930,xorg-x11-server-utils,应用,核心
2931,xorg-x11-server-Xwayland,应用,核心
2932,xorg-x11-util-macros,应用,应用
2933,xorg-x11-utils,应用,核心
2934,xorg-x11-xauth,应用,核心
2935,xorg-x11-xbitmaps,应用,应用
2936,xorg-x11-xinit,应用,核心
2937,xorg-x11-xkb-utils,应用,核心
2938,xorg-x11-xtrans-devel,应用,核心
2939,xrestop,应用,核心
2940,xsane,应用,应用
2941,xsettingsd,应用,应用
2942,xsom,应用,应用
2943,xterm,应用,核心
2944,xvidcore,应用,核心
2945,xz,核心,核心
2946,xz-java,应用,应用
2947,yajl,应用,系统
2948,yasm,应用,核心
2949,yelp,应用,应用
2950,yelp-tools,应用,应用
2951,yelp-xsl,应用,核心
2952,ypbind,系统,系统
2953,ypserv,系统,系统
2954,yp-tools,系统,系统
2955,zaf,应用,应用
2956,zenity,应用,应用
2957,zeromq3,应用,核心
2958,zimg,应用,核心
2959,zip,应用,核心
2960,zlib,核心,核心
2961,zsh,系统,核心
2962,zssh,应用,核心
2963,zstd,系统,核心
2964,zvbi,其它,系统
2965,zziplib,应用,核心
